,case_id,median,mean,sd,mn,mx,percentile_99_5,percentile_00_5
0,s0184_0000,-62.0,-303.6734934567918,475.4230679248887,-1340,3416,605.0,-1032.0
1,s0712_0000,-78.0,-308.63549277079164,501.27561787563945,-1164,2550,1283.0,-1024.0
2,s0621_0000,-926.0,-581.2372704471188,483.0437591677514,-1290,3151,494.0,-1026.0
3,s0324_0000,-775.0,-481.13140156900255,498.2341467049352,-1245,2710,703.0,-1036.0
4,s0855_0000,-993.0,-650.2879066952763,583.5189233614693,-1046,2213,1637.0,-1024.0
5,s0944_0000,-95.0,-289.4904693868467,503.8293522301779,-1326,3597,1632.0,-1024.0
6,s0484_0000,-967.0,-604.4480042839673,501.77186053921093,-1352,2826,440.0,-1026.0
7,s1066_0000,-839.0,-532.8679457748976,487.4271273372954,-1061,3206,505.0,-1023.0
8,s1242_0000,-914.0,-1038.1831772972891,1131.334265611919,-3665,3531,698.0,-3040.0
9,s0644_0000,-960.0,-649.3405116148228,469.0113425661518,-1258,3536,485.0,-1024.0
10,s1140_0000,-864.0,-555.149257712351,490.7280394484096,-1733,3780,751.0,-1042.0
11,s0401_0000,-947.0,-577.8574692067033,492.1897553093476,-1062,1547,480.0,-1018.0
12,s0792_0000,-934.0,-495.8367175277644,624.470175598357,-1504,2487,1654.0,-1024.0
13,s0106_0000,-97.0,-385.80464803616064,503.7536674014646,-1552,3537,583.0,-1032.0
14,s0188_0000,-952.0,-704.6357143427036,446.54357983180387,-1520,3963,555.0,-1041.0
15,s0175_0000,-861.0,-554.6082998744968,490.06826693051755,-1512,3837,708.0,-1047.0
16,s1390_0000,-754.0,-503.1548661861514,491.3305133117159,-1251,1642,531.0,-1024.0
17,s0891_0000,-33.0,-170.08458677748166,433.09320589191475,-1045,3165,843.0,-1014.0
18,s0084_0000,-132.0,-359.6606506964173,420.2814249339111,-1026,2233,612.0,-1010.0
19,s0691_0000,-977.0,-703.6810521692995,449.89545598732553,-1334,2576,545.0,-1024.0
20,s0857_0000,-930.0,-572.878915326962,557.7446778824074,-1391,3534,1523.0,-1042.0
21,s0286_0000,-831.0,-492.95465817047267,492.0205045527878,-1512,3743,474.0,-1025.0
22,s0281_0000,-953.0,-566.1627876618755,517.4467438825169,-1285,2104,765.0,-1035.0
23,s0626_0000,-114.0,-394.5263722242511,478.4159151109042,-1047,3196,657.0,-1023.0
24,s1311_0000,-891.0,-545.6908464442762,506.521537343043,-1471,3782,840.0,-1042.0
25,s0637_0000,-929.0,-591.0986620563324,491.60690861163744,-1049,3171,626.0,-1024.0
26,s0278_0000,-4.0,-227.5297705907462,543.1111329228539,-1131,2233,1525.0,-1024.0
27,s0580_0000,-638.0,-511.62304933955306,488.7341155476992,-1276,1501,427.0,-1084.0
28,s0556_0000,-994.0,-758.1943314023576,427.4814699734649,-1439,3514,533.0,-1024.0
29,s0288_0000,-59.0,-348.3840405127745,518.1570040892794,-1035,2055,1159.0,-1024.0
30,s1309_0000,-972.0,-623.8927812495017,476.0508154924333,-1215,3664,253.0,-1024.0
31,s0506_0000,-952.0,-546.5512978066357,528.347452941134,-1372,3397,676.0,-1024.0
32,s0873_0000,-147.0,-402.8760194790828,508.28474427778394,-1787,3887,1254.0,-1042.0
33,s0571_0000,-925.0,-578.2563150797516,479.85331571302504,-1039,2503,511.0,-1019.0
34,s0931_0000,-102.0,-366.41621625685764,492.24260372910334,-1411,3189,759.0,-1025.0
35,s1100_0000,-859.0,-531.1352348949752,477.5148873400858,-1054,2638,694.0,-1023.0
36,s1158_0000,-86.0,-255.81313774804622,407.3778446950208,-1314,3479,466.0,-1023.0
37,s0535_0000,-97.0,-342.3613821104448,552.9559966761396,-1161,3366,1581.0,-1013.0
38,s0865_0000,-99.0,-273.1114245642156,539.3399788327463,-1427,3596,1665.0,-1049.0
39,s0706_0000,-986.0,-748.2200408088626,513.700822440904,-1041,1941,1586.0,-1024.0
40,s0723_0000,-117.0,-401.9654364241182,482.6733160169301,-1140,2110,555.0,-1026.0
41,s1182_0000,-934.0,-609.2359420545155,467.90003900771353,-1087,3121,480.0,-1024.0
42,s1133_0000,-558.0,-445.13883114209597,503.2367906286647,-1268,2996,597.0,-1024.0
43,s1374_0000,-917.0,-537.6077788849449,503.2613962463583,-1171,3353,694.0,-1024.0
44,s0536_0000,-132.0,-462.8171735507409,473.5150707709628,-1245,3284,494.0,-1024.0
45,s0598_0000,-916.0,-630.6322223572773,463.1801884210198,-1153,3372,445.0,-1024.0
46,s0983_0000,-764.0,-504.18981681750256,497.1094044823159,-1163,3360,749.0,-1024.0
47,s0922_0000,-357.0,-371.6399434587451,663.7293773155764,-1325,2589,1752.0,-1033.0
48,s0853_0000,-204.0,-442.931359234064,515.5959965061421,-1290,2710,1041.0,-1028.0
49,s0653_0000,-31.0,-186.49815216314767,458.94892430169875,-1043,3172,651.0,-1015.0
50,s0741_0000,-945.0,-607.2878893176695,476.9941312092723,-1080,1527,578.0,-1019.0
51,s0613_0000,-919.0,-579.9594206771261,486.128705542439,-1052,3230,625.0,-1024.0
52,s1093_0000,-970.0,-693.5051838744193,484.5017280956236,-1316,3780,1080.0,-1027.0
53,s0859_0000,-928.0,-615.8604783358107,493.81310854691225,-1228,3305,669.0,-1023.0
54,s0319_0000,-108.0,-416.92218343298157,486.61836478653754,-1456,2089,530.0,-1024.0
55,s0937_0000,-934.0,-572.6768653826396,499.08588760684313,-1058,3191,626.0,-1024.0
56,s0006_0000,-106.0,-342.9353030198871,468.4777677684699,-1050,2601,649.0,-1016.0
57,s1120_0000,-919.0,-574.118470054545,481.33859005255744,-1048,3175,484.0,-1023.0
58,s0241_0000,-854.0,-551.9812380122892,484.8760075077048,-1491,3783,782.0,-1025.0
59,s0946_0000,-665.0,-494.5393569302087,500.31991078906213,-1289,3460,516.0,-1024.0
60,s1273_0000,-863.0,-523.6327999195363,499.98323697819,-1047,3248,726.0,-1024.0
61,s1061_0000,-954.0,-640.242536455339,465.87820147394996,-1065,1517,349.0,-1024.0
62,s1228_0000,-719.0,-981.5559219266485,1190.06533830461,-4216,3855,482.0,-3042.0
63,s0307_0000,-134.0,-467.15003677893924,476.80122726019704,-1045,1616,492.0,-1023.0
64,s0520_0000,-130.0,-435.113270913401,479.1159602593337,-1084,2348,471.0,-1028.0
65,s1325_0000,-162.0,-373.58755670852446,556.7981169819624,-1299,2174,1405.0,-1024.0
66,s0347_0000,-681.0,-457.80268229277647,457.461769749475,-1034,1375,453.0,-974.0
67,s1065_0000,-954.0,-762.1736070392973,410.76050183168985,-1504,3631,524.0,-1024.0
68,s0595_0000,-75.0,-239.2237135,386.4193523269376,-1076,3058,564.0,-1003.0
69,s1183_0000,-115.0,-432.9809552412914,476.57014449102394,-1103,2342,451.0,-1024.0
70,s0480_0000,-95.0,-367.38390227728837,483.27887308673434,-1098,3336,662.0,-1024.0
71,s0850_0000,-85.0,-143.56022242893633,442.0934351360798,-1338,3358,1846.0,-1023.0
72,s0526_0000,-5.0,-105.64949782284826,400.16827046186404,-1331,3282,1289.0,-1007.0
73,s0246_0000,-763.0,-493.3623078892143,502.701384318588,-1178,3059,335.0,-1024.0
74,s0402_0000,-938.0,-577.5445525262157,490.1077667226128,-1064,3309,577.0,-1024.0
75,s0748_0000,-96.0,-354.74192176870747,650.5168827084582,-1038,3168,1696.0,-1024.0
76,s0024_0000,-844.0,-523.8681144875162,491.7896963404432,-1303,3569,574.0,-1024.0
77,s0669_0000,-971.0,-660.2617467350987,471.70267192359523,-1198,3205,455.0,-1024.0
78,s0732_0000,-872.0,-517.0564243096908,493.0420611824653,-1112,1736,311.0,-1024.0
79,s0021_0000,-879.0,-529.6765436500225,527.776903147837,-1078,3158,764.0,-1023.0
80,s1378_0000,-984.0,-632.8685826888349,522.7687314963057,-1184,3383,1082.0,-1024.0
81,s0163_0000,-940.0,-613.6980571202513,477.57379690085486,-1173,3288,445.0,-1024.0
82,s1050_0000,-101.0,-292.0121222710772,543.6637675521135,-1428,3536,2867.0,-1024.0
83,s0250_0000,-899.0,-564.5807900743873,481.2943551461042,-1296,2785,477.0,-1024.0
84,s1189_0000,-945.0,-640.7246738666926,465.66589881727924,-1111,3310,443.0,-1021.0
85,s0128_0000,-694.0,-496.23049934900905,478.0204269548202,-1165,1750,444.0,-1034.0
86,s0102_0000,-1003.0,-767.6858601794547,434.7869123952241,-1448,3268,476.0,-1026.0
87,s1194_0000,-974.0,-1059.865032966395,1170.5238492945628,-3600,3162,1540.0,-3042.0
88,s0481_0000,-271.0,-424.3635356843927,495.4451711837243,-1158,3232,954.0,-1034.0
89,s0843_0000,-70.0,-342.5826618477703,518.1001192756206,-1452,1837,982.0,-1058.0
90,s0067_0000,-624.0,-481.9386625821052,495.5939076171386,-1425,2161,898.0,-1039.0
91,s0581_0000,-115.0,-349.8272875004349,477.8737880414739,-1225,3390,814.0,-1041.0
92,s0350_0000,-827.0,-529.6102229143835,486.5965767555349,-1053,3404,633.0,-1024.0
93,s0328_0000,-803.0,-503.644902140094,503.85989528089203,-1099,2247,614.0,-1024.0
94,s0282_0000,-48.0,-246.80415702046403,540.4857861057001,-1411,1923,1405.0,-1026.0
95,s0406_0000,-760.0,-501.5835636062682,494.6630497184843,-1222,1388,509.0,-1024.0
96,s0361_0000,-926.0,-538.7555076436183,493.0746404722096,-1223,1811,588.0,-1025.0
97,s0358_0000,-916.0,-568.0088219636071,471.43734479071935,-1506,3728,427.0,-1024.0
98,s1293_0000,-907.0,-574.5861961264892,481.85397778770476,-1159,3371,433.0,-1024.0
99,s0509_0000,-524.0,-459.8602647854021,521.3358974701072,-1173,2490,856.0,-1043.0
100,s0266_0000,-924.0,-605.0142544390122,474.2037840469499,-1367,1981,385.0,-1050.0
101,s0034_0000,-963.0,-644.5506159980857,464.01070423665385,-1271,3396,444.0,-1024.0
102,s0255_0000,-938.0,-575.1164045082025,493.0758410000415,-1124,1767,553.0,-1024.0
103,s0129_0000,5.0,-42.587062332602876,338.9203340450496,-1134,2492,1146.0050000000047,-1024.0
104,s0568_0000,-968.0,-633.8492773288747,520.5387587448095,-1405,3534,1262.0,-1037.0
105,s0344_0000,-955.0,-650.0233595268493,471.3659707022234,-1066,3254,444.0,-1024.0
106,s0331_0000,-938.0,-607.8930836654923,494.34529751816325,-1262,3848,617.0,-1040.0
107,s0860_0000,-796.0,-516.9019301764042,501.1206064787533,-1125,3072,644.0,-1024.0
108,s1016_0000,-945.0,-649.1739289642543,485.03869562516763,-1647,3926,648.0,-1035.0
109,s1149_0000,-67.0,-363.48365348848796,493.1392097120553,-1084,3169,606.0,-1024.0
110,s0003_0000,-109.0,-390.8789078530538,530.2237927066703,-1032,2039,1299.0,-1023.0
111,s1161_0000,-951.0,-632.9784678286588,475.3752654460874,-1374,3680,524.0,-1024.0
112,s0527_0000,-69.0,-359.57106432348814,531.0580969862051,-1157,2328,1089.0,-1018.0
113,s1272_0000,-132.0,-416.34577046177577,483.9411342237965,-1352,3124,602.0,-1024.0
114,s0412_0000,-990.0,-772.2525371028039,420.56524233501386,-1293,3615,592.0,-1024.0
115,s0898_0000,-176.0,-444.1288652870299,465.63136599760645,-1048,3180,552.0,-1023.0
116,s0162_0000,-695.0,-493.67901909264833,477.28023823064945,-1439,3525,534.0,-1114.0
117,s0733_0000,-959.0,-652.3870486134866,470.2979956197616,-1195,3324,463.0,-1024.0
118,s0368_0000,-86.0,-257.00321774827495,515.9583494744685,-1053,1427,716.0,-999.0
119,s0031_0000,-932.0,-585.2107598414076,485.27324095214055,-1066,1744,518.0,-1025.0
120,s0156_0000,-923.0,-603.3965541672259,469.92625652336585,-1447,2667,378.0,-1026.0
121,s0585_0000,-122.0,-444.5651575826012,493.3335727718936,-1417,3125,486.0,-1025.0
122,s1002_0000,-460.0,-402.937866759123,474.17472692162073,-1169,3096,579.0,-1024.0
123,s0796_0000,-960.0,-658.1812103906807,475.1499558155577,-1057,2485,609.0,-1024.0
124,s0978_0000,-102.0,-350.9610981220921,477.86541496267,-1319,3134,608.0,-1024.0
125,s0811_0000,-373.0,-463.72451347616686,479.38964335562946,-1055,3434,602.0,-1022.0
126,s0234_0000,-126.0,-416.18640613901596,522.6295184038484,-1040,2082,1264.0,-1023.0
127,s1285_0000,-869.0,-540.8911385881797,498.2828998849669,-1447,3669,479.0,-1021.0
128,s0486_0000,-296.0,-872.3434032701706,1206.2182695725028,-3631,2396,784.0,-3044.0
129,s0132_0000,-924.0,-580.5524468195067,488.5932504128079,-1286,2154,545.0,-1045.0
130,s0211_0000,-898.0,-569.3244418767304,480.2193230682167,-1421,3605,463.0,-1024.0
131,s0075_0000,-932.0,-564.6556977865839,495.5353903594121,-1217,3241,586.0,-1024.0
132,s1363_0000,-960.0,-628.409089452737,483.3454466849965,-1292,3492,467.0,-1024.0
133,s0396_0000,23.0,-214.29398922839013,485.8681165410741,-1467,1793,996.0,-1049.0
134,s0002_0000,-882.0,-531.3957051110516,518.3870233290296,-1254,1911,871.0,-1024.0
135,s0182_0000,-826.0,-476.3027086903645,506.60379555097177,-1588,3581,837.0,-1025.0
136,s0124_0000,-997.0,-646.2443289966254,490.2919884181135,-1479,3299,438.0,-1025.0
137,s1221_0000,-807.0,-496.2220953764938,492.92946361910634,-1309,3403,592.0,-1023.0
138,s1187_0000,-940.0,-556.6569334238297,482.8983169779588,-1189,1999,417.0,-1024.0
139,s0345_0000,-96.0,-322.44902568870685,450.1667509004294,-1130,1723,508.0,-1024.0
140,s0807_0000,-915.0,-1337.7406694273127,2462.5280562629378,-9615,5270,852.0,-8193.0
141,s0430_0000,-516.0,-464.00027258986177,483.3248995077766,-1041,2581,512.0,-1024.0
142,s1383_0000,-667.0,-497.5306588906575,497.53875305369877,-1207,3139,630.0,-1024.0
143,s1291_0000,-162.0,-897.094584315983,1159.5920424470983,-3577,1709,480.0,-3040.0
144,s1296_0000,-791.0,-512.4649530873603,489.70856335561723,-1301,3439,539.0,-1025.0
145,s0169_0000,-15.0,-154.8582773852625,515.8085481270091,-1461,3444,1655.0,-1018.0
146,s0325_0000,-966.0,-681.008852532038,455.7343088709378,-1312,1872,384.0,-1042.0
147,s0428_0000,-134.0,-484.6436182388601,489.2408901525791,-1229,1582,497.0,-1025.0
148,s0310_0000,-935.0,-619.127042828744,477.70607275777263,-1040,3326,634.0,-1016.0
149,s1167_0000,-889.0,-592.2058852912778,469.26786301550294,-1063,2570,507.0,-1022.0
150,s1358_0000,-154.0,-451.2206726087886,508.96448791919454,-1050,2079,869.0,-1021.0
151,s0870_0000,-958.0,-581.2970560040654,523.65752827905,-1176,3329,1337.0,-1023.0
152,s1003_0000,-24.0,-231.6370769442069,637.0827695068348,-1564,3506,2188.0,-1024.0
153,s0874_0000,-301.0,-430.4218638047259,543.4084868172966,-1298,2050,1300.0,-1026.0
154,s1346_0000,-153.0,-484.4042252465855,480.4566246686761,-1260,1570,332.0,-1029.0
155,s0986_0000,-907.0,-560.5105140293912,497.28663692030824,-1238,3294,645.0,-1024.0
156,s0316_0000,-736.0,-500.97500451255854,491.5272092623286,-1117,1394,495.0,-1022.0
157,s1127_0000,-928.0,-559.3561411061044,491.0545389886923,-1469,3642,542.0,-1024.0
158,s1047_0000,0.0,-285.2323613849199,663.4845990068981,-1039,3199,1863.0,-1024.0
159,s0851_0000,-955.0,-546.6937050271772,528.5695926202563,-1033,3113,1030.0,-1012.0
160,s1163_0000,-942.0,-546.7276258941872,549.3322870520507,-1211,3352,1537.0,-1022.0
161,s1209_0000,-125.0,-449.3185533067359,469.1047862290203,-1265,3424,535.0,-1024.0
162,s0242_0000,-103.0,-263.91391037578984,408.53906628236405,-1122,1431,599.0,-1015.0
163,s0573_0000,-466.0,-489.5276028380102,508.04051506808537,-1463,3568,818.0,-1019.0
164,s0834_0000,-109.0,-313.5970143563749,447.90399726824745,-1385,3178,630.0,-1028.0
165,s0904_0000,-107.0,-392.7227065998076,480.24356689542964,-1070,3079,604.0,-1024.0
166,s0477_0000,-928.0,-627.4537597907024,478.1142574418244,-1422,3585,510.0,-1023.0
167,s0443_0000,-937.0,-589.2029892757939,508.70678314373765,-1530,3598,785.0,-1039.0
168,s1307_0000,-619.0,-495.95441743435384,472.0793335192537,-1375,3418,559.0,-1024.0
169,s0170_0000,-914.0,-572.7962578386821,516.7869987183714,-1458,3380,841.0,-1036.0
170,s0640_0000,-946.0,-648.9717398351935,471.5937631221443,-1089,2012,574.0,-1024.0
171,s1157_0000,-142.0,-450.18808805077924,485.7049903104058,-1208,3379,800.0,-1024.0
172,s0632_0000,-921.0,-611.1966759769783,456.08462860623206,-1134,3233,335.0,-1024.0
173,s1294_0000,-945.0,-581.5124726361132,501.24454778736083,-1105,1609,559.0,-1014.0
174,s0615_0000,-271.0,-487.68722845003344,475.48749943938185,-1162,1728,296.0,-1024.0
175,s0997_0000,-930.0,-488.26283865682774,610.7978579162409,-1063,3074,1436.0,-1007.0
176,s0466_0000,-962.0,-651.3713700513126,526.2264433447423,-1547,3428,1586.0,-1034.0
177,s1318_0000,-947.0,-1092.646393636886,1117.756059042767,-3666,3539,1141.0,-3033.0
178,s0090_0000,-113.0,-421.3723500236394,487.75487870305585,-1109,1521,591.0,-1024.0
179,s0227_0000,-936.0,-611.1558338491652,486.98009784810057,-1043,1571,601.0,-1024.0
180,s1024_0000,-429.0,-498.04783331035367,493.15996575041726,-1293,2898,329.0,-1024.0
181,s0497_0000,-940.0,-594.6389225291097,536.733015711833,-1458,3724,1389.0,-1047.0
182,s1099_0000,-989.0,-747.9103890009752,428.14055279797935,-1323,3506,380.0,-1024.0
183,s1259_0000,-87.0,-323.44923936333026,451.7804538015471,-1184,3279,653.0,-1024.0
184,s0174_0000,-59.0,-196.1737716505109,406.1046487538131,-1135,1621,696.0,-1024.0
185,s0693_0000,-902.0,-510.1525484770877,492.79283156157004,-1058,1614,407.0,-1027.0
186,s0559_0000,-977.0,-565.34589097037,536.4282925201805,-1223,3378,1124.0,-1026.0
187,s0551_0000,-833.0,-507.51200017080305,501.485623886823,-1272,3768,596.0,-1045.0
188,s0659_0000,-112.0,-375.0939479996854,477.12208781972134,-1209,3381,690.0,-1020.0
189,s0413_0000,-187.0,-480.801184800633,466.8999075089865,-1138,1907,529.0,-1024.0
190,s0192_0000,-90.0,-349.484034501367,498.82870227991657,-1106,1514,671.0,-1024.0
191,s0264_0000,-774.0,-510.88298227121595,481.8215276102136,-1427,1996,494.0,-1049.0
192,s0159_0000,-998.0,-624.5698220021619,646.7254423406071,-1354,3128,1983.0,-1024.0
193,s0654_0000,-670.0,-431.293368648807,537.8459692153266,-1383,3583,1120.0,-1039.0
194,s0262_0000,-928.0,-596.3053410045449,481.2962010834279,-1254,1704,397.0,-1045.0
195,s0028_0000,-973.0,-654.3420358293271,465.78207600933627,-1423,3740,441.0,-1024.0
196,s1373_0000,-846.0,-499.8671496139626,506.6592562359309,-1048,2453,805.0,-1021.0
197,s1388_0000,-986.0,-705.385118589817,438.7203637753423,-1141,3188,436.0,-1024.0
198,s0386_0000,-2.0,-178.16715899366034,382.2737165695693,-1187,1627,562.0,-998.0
199,s0389_0000,-95.0,-276.39524795508174,406.5028141315903,-1041,3161,731.0,-1018.0
200,s0831_0000,-965.0,-639.7757433383354,494.77113962270437,-1253,2081,710.0,-1024.0
201,s0157_0000,-951.0,-650.7418056797125,461.19690129007125,-1251,2661,420.0,-1040.0
202,s0039_0000,-970.0,-657.6456816503636,469.16911345411006,-1168,1354,387.0,-1024.0
203,s0989_0000,-70.0,-226.59939642660188,431.89510669004875,-2059,2321,647.0,-1158.0
204,s0704_0000,-569.0,-436.18210580374733,492.1120514766904,-1047,3287,907.0,-1021.0
205,s0475_0000,-1022.0,-723.9431593153972,484.61165154555954,-1489,3805,608.0,-1025.0
206,s0781_0000,-891.0,-588.8696797420904,480.5530035681734,-1120,2298,576.0,-1025.0
207,s0628_0000,-937.0,-631.9993723112958,469.95988211152036,-1047,1371,421.0,-1024.0
208,s1243_0000,-629.0,-401.4043948725911,486.6368046655514,-1056,3108,607.0,-1020.0
209,s0433_0000,-672.0,-461.1198695868408,506.18310450719247,-1038,2339,761.0,-1023.0
210,s0789_0000,-872.0,-555.7903518838624,479.13618681781537,-1196,2766,499.0,-1024.0
211,s0861_0000,-970.0,-677.4650276450034,458.1560680328346,-1325,3643,452.0,-1024.0
212,s0373_0000,-87.0,-307.68324544191336,456.6120639974732,-1214,3405,732.0,-1026.0
213,s0243_0000,-928.0,-581.3040500609426,507.38756912333207,-1384,3875,725.0,-1036.0
214,s0954_0000,-144.0,-397.56173089987897,524.2367151355548,-1557,3771,933.0,-1025.0
215,s1070_0000,-911.0,-590.9728287369276,479.6164867477274,-1036,2266,638.0,-1023.0
216,s1038_0000,-91.0,-350.26233518752315,472.3451283444217,-1258,1697,505.0,-1024.0
217,s0199_0000,-971.0,-696.4321969996976,461.37390991050114,-1258,1996,438.0,-1029.0
218,s0812_0000,-957.0,-667.1574637421454,474.49732092657166,-1777,4300,697.0,-1031.0
219,s0992_0000,-125.0,-457.3463512251816,472.97148566864814,-1045,3185,463.0,-1023.0
220,s1241_0000,-949.0,-597.8328497573248,473.39894083243905,-1209,3411,366.0,-1024.0
221,s1131_0000,-115.0,-459.85025111609986,500.6187592996897,-1212,1428,466.0,-1024.0
222,s0453_0000,-960.0,-642.5520076492537,502.58988298713825,-1380,3138,1076.0,-1035.0
223,s1289_0000,-125.0,-420.88069700167836,456.56352931647297,-1229,3242,471.0,-1024.0
224,s0614_0000,-4.0,-76.60432454117502,330.2462417191958,-1259,2221,1021.0,-1024.0
225,s0797_0000,-132.0,-449.1449204277713,472.6216050911686,-1185,3320,523.0,-1024.0
226,s1250_0000,-730.0,-479.3900322967213,503.7159524652921,-1444,2941,629.0,-1025.0
227,s0068_0000,-5.0,-141.61390032649157,451.80417112542125,-1127,3577,1479.6450000000186,-1024.0
228,s0565_0000,-412.0,-476.60007902625654,476.7838801002448,-1052,3110,489.0,-1023.0
229,s0483_0000,-1001.0,-662.3797124899222,484.3388974722237,-1289,3274,440.0,-1025.0
230,s0455_0000,-760.0,-478.247765101609,500.38604724267475,-1875,4018,743.0,-1044.0
231,s1071_0000,-971.0,-600.0289264581572,510.92836493113214,-1046,3170,930.0,-1024.0
232,s0766_0000,-452.0,-411.49390444608207,587.0382154499052,-1070,3063,1279.0,-1017.0
233,s0447_0000,-992.0,-712.3698968156658,444.53900729391586,-1052,3147,373.0,-1024.0
234,s0338_0000,-381.0,-436.9149396741969,489.7411766041732,-1313,1373,575.0,-1025.0
235,s0868_0000,-986.0,-628.1699600580649,498.8725676415261,-1229,3121,768.0,-1024.0
236,s0058_0000,-134.0,-431.07335487313463,483.3421202754225,-1433,3523,626.0,-1024.0
237,s0073_0000,-122.0,-389.03912674075815,462.83028237870457,-1050,1479,506.0,-1023.0
238,s1261_0000,-933.0,-1096.9945503723832,1102.7142066076317,-3555,3626,687.0,-3045.0
239,s0333_0000,-978.0,-675.5963909616655,486.8212579666709,-1112,3181,1025.0,-1026.0
240,s0136_0000,-10.0,-117.15214388562737,446.26175889954465,-1229,2431,1394.0,-1013.0
241,s0975_0000,-932.0,-610.6683145936659,481.2839146049006,-1187,3276,625.0,-1025.0
242,s1235_0000,-306.0,-443.1810701072238,490.48217910185537,-1183,2197,630.0,-1015.0
243,s0166_0000,-970.0,-628.3135125823701,481.54962416669605,-1230,3431,464.0,-1025.0
244,s0810_0000,-942.0,-669.2787064430556,449.49041230173634,-1390,3624,612.0,-1024.0
245,s0764_0000,-922.0,-1140.9818423856796,2120.131666166861,-9547,10292,559.0,-8193.0
246,s0478_0000,-988.0,-685.4569568349317,490.2210435946152,-1037,3137,1104.0,-1015.0
247,s0592_0000,-945.0,-637.7215571990645,461.5608418495388,-1664,4187,431.0,-1034.0
248,s0061_0000,-995.0,-695.2327267127846,482.4157613814038,-1406,2764,795.0,-1028.0
249,s0092_0000,-95.0,-345.26555573399816,472.7027129392541,-1318,1483,551.0,-1034.0
250,s1010_0000,-929.0,-522.0188865224869,531.8112226109006,-1140,3166,1111.0,-1026.0
251,s0833_0000,-85.0,-373.6812640816356,513.2757909415424,-1206,7540,903.0,-1049.0
252,s0145_0000,-101.0,-331.7460692281875,469.49794499691984,-1244,3308,617.0,-1036.0
253,s0507_0000,-876.0,-521.1381600259151,506.52482268660833,-1055,3273,724.0,-1024.0
254,s0190_0000,-933.0,-569.627481911045,500.56954184711486,-1268,2730,571.0,-1027.0
255,s0010_0000,-927.0,-546.6359201414797,496.1703804405427,-1047,1682,591.0,-1024.0
256,s0804_0000,-120.0,-417.63246754175464,504.5718203888195,-1493,3562,800.0,-1025.0
257,s1335_0000,-923.0,-916.2813893259901,1225.6744496010797,-3436,2217,1518.0,-3036.0
258,s1205_0000,-80.0,-359.77789789106356,473.05406250456343,-1108,3169,306.0,-1024.0
259,s0911_0000,-115.0,-316.0208066729764,498.41389495503006,-1090,3271,768.0,-1021.0
260,s1008_0000,-938.0,-583.5069178921367,489.98285311661215,-1052,3143,541.0,-1024.0
261,s0444_0000,-165.0,-404.4025186260824,491.5976370653997,-1353,3806,798.0,-1029.0
262,s0751_0000,-835.0,-513.0128789515696,495.24536370921976,-1253,3160,579.0,-1024.0
263,s1384_0000,-999.0,-817.8862286679415,393.2748141189288,-1524,3605,528.0,-1024.0
264,s0078_0000,-937.0,-559.0431640026525,505.05982111257464,-1171,3409,631.0,-1024.0
265,s0525_0000,-995.0,-679.8861964198665,457.15109524008733,-1095,1892,503.0,-1024.0
266,s0936_0000,-568.0,-429.64772841680684,489.63502635783937,-1137,1909,671.0,-1025.0
267,s0185_0000,-26.0,-230.5743003587215,441.6964746859878,-1032,1709,810.1450000000186,-1023.0
268,s0502_0000,-662.0,-468.9683389434655,500.72817439833034,-1167,3570,533.0,-1016.0
269,s1258_0000,-644.0,-470.1849388497503,502.9566862986475,-1310,3154,674.0,-1026.0
270,s1034_0000,-947.0,-615.1634799392732,556.448395518492,-1513,3776,1618.0,-1043.0
271,s1032_0000,-153.0,-387.138277805202,559.413857634486,-1370,3511,1479.0,-1024.0
272,s0602_0000,-103.0,-190.45580543676817,401.0992748134205,-1046,3114,1124.0,-1007.0
273,s1299_0000,-112.0,-344.51368580070516,540.7867558297874,-1247,3320,1493.0,-1022.0
274,s1319_0000,-896.0,-581.706786993419,467.71533892701217,-1152,3486,406.0,-1022.0
275,s1371_0000,-983.0,-1206.7011814216619,1158.5111986407453,-3768,3549,588.0,-3047.0
276,s0460_0000,-80.0,-303.2951639711249,660.1726009924771,-1345,2052,1538.0,-1020.0
277,s0641_0000,-929.0,-607.3943582229092,479.2356319030322,-1068,3184,592.0,-1025.0
278,s0885_0000,-803.0,-510.8248757299278,498.93855161538505,-1050,1509,553.0,-1024.0
279,s0784_0000,-770.0,-498.3396713493191,513.0856842214216,-1308,3634,801.0,-1029.0
280,s0082_0000,-113.0,-410.93266476837414,469.4042528192265,-1219,1353,511.0,-1027.0
281,s0383_0000,-103.0,-277.69279939661067,427.27689378894615,-1161,2399,542.0,-1024.0
282,s0913_0000,-952.0,-630.224352049507,494.45088742840807,-1469,3538,647.0,-1024.0
283,s0035_0000,-991.0,-721.6308172144396,449.1087532359684,-1270,2280,508.0,-1025.0
284,s0724_0000,-944.0,-628.1411458388125,478.4879909974277,-1153,1611,724.0,-1024.0
285,s0463_0000,-853.0,-550.8125060191536,524.7848834735075,-1526,3486,676.0,-1026.0
286,s0835_0000,-635.0,-504.0952951351221,474.01817060336225,-1042,2950,437.0,-1024.0
287,s0154_0000,16.0,-72.31857959169832,440.8941084224811,-1323,2539,1595.0,-1012.0
288,s0876_0000,-167.0,-404.10862301576975,440.9560078704797,-1170,1327,378.0,-998.0
289,s1128_0000,-184.0,-453.7993101327743,495.70734577910395,-1479,3662,946.0,-1039.0
290,s0354_0000,-894.0,-584.0722975711946,483.5664139957661,-1149,3496,520.0,-1033.0
291,s0539_0000,-22.0,-328.75559865147943,624.297000043096,-1466,3565,1439.6049999999814,-1026.0
292,s0552_0000,-661.0,-471.30487606297794,518.5570423812675,-1366,3051,828.0,-1029.0
293,s0839_0000,-31.0,-201.25386049405958,485.084940883298,-1038,1605,832.0,-904.0
294,s0217_0000,-970.0,-567.8407593295733,534.7715351317011,-1431,3304,1112.5200000000186,-1032.0
295,s0783_0000,-979.0,-687.0787193954028,476.2337498916943,-1358,2893,868.0,-1026.0
296,s0773_0000,-143.0,-435.85427622823363,494.29475777302497,-1472,3346,577.0,-1025.0
297,s0503_0000,-924.0,-548.4797206189467,546.8368475849976,-1405,3308,1504.0,-1040.0
298,s0574_0000,-665.0,-469.9872549264146,510.7991427913603,-1049,2480,726.0,-1024.0
299,s1281_0000,-862.0,-578.0506812039304,488.4335469428891,-1058,3193,621.0,-1023.0
300,s1151_0000,-967.0,-654.4256028758673,493.64824247212044,-1049,2861,701.0,-1023.0
301,s0629_0000,-990.0,-641.0256038745083,497.8988332292063,-1382,3302,524.0,-1025.0
302,s0405_0000,-722.0,-454.0789078554723,529.3667588209026,-1597,3737,971.0,-1035.0
303,s0446_0000,-931.0,-569.1645983687121,502.3193065627614,-1209,3219,595.0,-1022.0
304,s1060_0000,-891.0,-564.4836743041566,480.1299559377682,-1047,3147,458.0,-1019.0
305,s1368_0000,-560.0,-475.9485073045429,505.0927238402544,-1083,3322,678.0,-1023.0
306,s0636_0000,-919.0,-583.6921569345875,484.5202736764537,-1283,3386,667.0,-1024.0
307,s0795_0000,-661.0,-665.880208468871,1291.2814506077032,-9136,6135,603.0,-8192.0
308,s0707_0000,-874.0,-525.6205401663575,485.0956106594229,-1161,3409,409.0,-1024.0
309,s0001_0000,-111.0,-322.8429447487282,434.9093200404086,-1327,2462,626.0,-1024.0
310,s1343_0000,-926.0,-563.6751403320861,510.6402529536314,-1105,3730,634.0,-1023.0
311,s0739_0000,-878.0,-515.5643396476877,496.48986881132817,-1198,1446,579.0,-1024.0
312,s0787_0000,-766.0,-488.1376942032441,505.130321638529,-1344,3322,784.0,-1026.0
313,s0279_0000,-765.0,-512.7551157304171,507.26909271207194,-1164,2744,648.0,-1044.0
314,s0474_0000,-543.0,-388.41075819425356,674.9889836174866,-1042,3097,1929.0,-1024.0
315,s1153_0000,-936.0,-576.0984549944202,483.37145785834724,-1081,1672,460.0,-1023.0
316,s1264_0000,-918.0,-616.6684504784228,470.5716939440026,-1249,3508,393.0,-1024.0
317,s0329_0000,-990.0,-640.2216115026459,478.2592663975336,-1415,1735,479.0,-1024.0
318,s0516_0000,-915.0,-565.4238827341055,487.27813569111754,-1042,1539,502.0,-1024.0
319,s0122_0000,-7.0,-152.49691655975272,458.2407406127856,-1097,1818,1133.0,-1024.0
320,s0683_0000,-992.0,-642.9647665867788,484.2038800136495,-1228,2204,498.0,-1024.0
321,s0973_0000,-111.0,-334.9138609926659,496.2607060855858,-2285,7569,985.0,-1175.0
322,s0662_0000,-880.0,-532.6103743708046,503.5557925949504,-1175,3111,638.0,-1024.0
323,s1073_0000,-309.0,-450.0159929606518,487.122265920617,-1067,3337,504.0,-1024.0
324,s0252_0000,-125.0,-402.6072743445511,502.15437081272063,-1252,1977,604.0,-1023.0
325,s1230_0000,-134.0,-450.6820756017676,522.2568396517133,-1686,3555,917.0,-1024.0
326,s1295_0000,-110.0,-362.444202882503,492.1366116815347,-1269,2070,1041.0,-1024.0
327,s0884_0000,-910.0,-547.8219610893,492.32642014557536,-1202,2539,548.0,-1024.0
328,s0979_0000,-985.0,-588.7883103793552,495.69098846784624,-1174,1728,501.0,-1024.0
329,s0679_0000,6.0,8.18904068125252,251.3335003014768,-1114,1890,913.0,-1022.0
330,s0584_0000,-110.0,-415.03647687142353,481.7000590271074,-1081,1502,682.0,-1024.0
331,s1089_0000,-928.0,-592.6157019968284,500.8755097127618,-1615,4122,696.0,-1041.0
332,s1215_0000,-989.0,-866.3415542049254,363.15652599745033,-1388,2346,1258.0,-1027.0
333,s0436_0000,-98.0,-379.83353340133374,473.36453479691033,-1257,2417,465.0,-1024.0
334,s1332_0000,-950.0,-611.8510900723893,511.4837397589308,-1667,3479,780.0,-1026.0
335,s0417_0000,-973.0,-479.2824820510525,643.664404054126,-1306,3472,2040.0,-1024.0
336,s0960_0000,-956.0,-655.5531681551586,537.3327257659317,-1419,3477,1838.0,-1044.0
337,s0138_0000,-794.0,-512.1229417907086,489.92781497767965,-1569,3492,523.0,-1028.0
338,s1037_0000,-113.0,-411.4007773879142,472.88651352439916,-1106,1503,426.0,-1024.0
339,s0050_0000,-119.0,-426.5550122200369,498.3053259356875,-1216,3214,677.0,-1023.0
340,s0511_0000,-951.0,-671.1527173147929,461.6439459658994,-1382,3601,685.0,-1024.0
341,s0072_0000,-958.0,-631.067060386516,477.6497121405371,-1103,3158,457.0,-1024.0
342,s0953_0000,-983.0,-746.5901281684689,445.3182703389072,-1073,3032,805.0,-1024.0
343,s1079_0000,-782.0,-491.8955319484334,505.2104046143742,-1049,2782,703.0,-1022.0
344,s0321_0000,-139.0,-369.0999013166347,450.138315769279,-1192,2342,600.0,-1030.0
345,s0091_0000,-950.0,-609.8129541444566,479.0015362663022,-1219,3285,424.0,-1024.0
346,s0670_0000,-947.0,-608.5393494229771,495.2344066852634,-1052,3151,534.0,-1021.0
347,s1391_0000,-924.0,-570.0569268472452,483.86429002064193,-1140,3240,487.0,-1024.0
348,s0298_0000,-1000.0,-671.5696647076668,477.1378260261515,-1283,3599,496.0,-1024.0
349,s0070_0000,-935.0,-641.070773854245,479.7793409621647,-1049,2685,561.0,-1022.0
350,s1069_0000,-765.0,-491.79169019753436,495.3034598874444,-1043,1682,659.0,-1020.0
351,s1178_0000,-994.0,-719.7979682031031,426.9484947726401,-1426,3835,305.0,-1024.0
352,s0256_0000,-889.0,-518.5670639481597,496.57007136246233,-1324,2348,475.0,-1027.0
353,s0334_0000,-951.0,-575.6411486993115,489.80388793042107,-1338,3248,467.0,-1025.0
354,s0846_0000,-105.0,-288.32732923234653,530.1806594475041,-1033,1292,669.0,-946.0
355,s0381_0000,-145.0,-387.2308763891495,480.0930923059437,-1242,2255,838.0,-1041.0
356,s1262_0000,-159.0,-460.78586563550397,500.1383047355464,-1245,3447,616.0,-1026.0
357,s0819_0000,-139.0,-350.12088461678,510.0938573756746,-1639,3859,1368.0,-1043.0
358,s1049_0000,-844.0,-549.2305298472734,484.99707235034236,-1234,1583,502.0,-1026.0
359,s0633_0000,-926.0,-558.2236574355668,504.3933319437514,-1059,3256,1023.0,-1024.0
360,s0977_0000,-958.0,-679.5310363362557,485.64381697419594,-1138,3479,763.0,-1025.0
361,s0555_0000,-122.0,-444.2327156207651,468.57978332046014,-1140,3259,332.0,-1024.0
362,s1105_0000,-872.0,-540.6102649086413,508.0217811029562,-1317,3349,589.0,-1024.0
363,s0363_0000,-896.0,-590.5293405739491,477.25823672163193,-1108,3308,546.0,-1022.0
364,s0731_0000,-923.0,-585.4245215757742,477.6957426567568,-1117,3232,528.0,-1024.0
365,s1236_0000,-959.0,-661.3382872258962,451.6156854314424,-1142,2156,310.0,-1024.0
366,s0925_0000,-821.0,-498.633510223427,523.6272167773477,-1031,2865,920.0,-1019.0
367,s1348_0000,-866.0,-522.6567120733749,493.4824175041524,-1046,1564,546.0,-1022.0
368,s1226_0000,-848.0,-562.8907440622945,467.9145202815069,-1050,3406,480.0,-1024.0
369,s1203_0000,-70.0,-184.11419261765,413.06411870083815,-1670,3740,1031.0,-1034.0
370,s1114_0000,-964.0,-637.0308056100921,483.43616227469164,-1092,2795,669.0,-1024.0
371,s1005_0000,-19.0,-97.63081017409135,348.71365263852243,-1218,3107,1020.0,-1024.0
372,s0260_0000,-1000.0,-718.8040934514031,446.3951172546215,-1196,1536,295.0,-1024.0
373,s1342_0000,-954.0,-630.4632205236378,479.7102298077894,-1228,1546,508.0,-1027.0
374,s1354_0000,-978.0,-698.6653854411873,453.65200785991675,-1434,3641,489.0,-1025.0
375,s0877_0000,-794.0,-508.5386867335,527.3216614127492,-1260,3321,850.0,-1031.0
376,s0938_0000,-221.0,-476.1117929524751,487.8596391521176,-1253,3284,645.0,-1024.0
377,s1317_0000,-470.0,-466.0257669517365,453.5848261523792,-1101,2824,398.0,-1024.0
378,s0220_0000,-907.0,-586.9738109169558,482.15298065074273,-1260,1934,456.0,-1048.0
379,s0365_0000,-702.0,-489.4931781468822,492.4729908403339,-1080,3331,630.0,-1024.0
380,s0299_0000,-992.0,-663.8924826082697,467.55662219954087,-1106,3229,248.0,-1028.0
381,s0140_0000,-962.0,-595.7830595585173,532.8610976828065,-1278,3321,1441.0,-1025.0
382,s0178_0000,-925.0,-548.4852676759713,488.1031301370664,-1046,1441,456.0,-1024.0
383,s1177_0000,-60.0,-309.37546987869365,588.8029455087327,-1406,2673,1450.0,-1129.0
384,s0099_0000,-33.0,-275.2503986068801,516.0749215867341,-1032,1883,1314.0,-1024.0
385,s0360_0000,-953.0,-652.008408015736,462.1011127330991,-1213,2202,558.0,-1033.0
386,s0709_0000,-120.0,-399.0438807325325,494.8004492990412,-1078,3257,627.0,-1026.0
387,s0100_0000,-10.0,-216.5496651200947,545.5606025330702,-1029,2190,1504.0,-1021.0
388,s0765_0000,-930.0,-598.5079835170728,487.7118666365265,-1145,3378,629.0,-1019.0
389,s1165_0000,-54.0,-109.85124367342391,319.4681994221941,-1156,2036,820.0,-997.0
390,s0219_0000,-500.0,-466.5972529430764,454.51140050046916,-1133,1765,526.0,-1031.0
391,s0240_0000,-949.0,-672.2522791722653,464.0304654255092,-1260,3605,603.0,-1027.0
392,s1247_0000,-909.0,-1023.4544711693392,1133.6501260585526,-3665,3408,597.0,-3039.0
393,s1083_0000,-128.0,-396.0071200980392,509.99022031670194,-1610,2985,661.0,-1027.0
394,s0625_0000,-103.0,-398.1417017390509,479.0605579157843,-1391,1888,498.0,-1024.0
395,s1220_0000,-984.0,-642.7768997216385,499.9520810144594,-1042,3264,777.0,-1023.0
396,s0681_0000,-255.0,-410.5475622077207,504.91853727248565,-1517,3607,874.0,-1032.0
397,s1185_0000,-822.0,-500.58442521947694,557.9736397839941,-1400,3097,1123.0,-1028.0
398,s0218_0000,-951.0,-651.0385908194096,482.99174553814254,-1284,2668,629.0,-1035.0
399,s0607_0000,-938.0,-585.3475429595633,488.9514831802548,-1070,3180,506.0,-1024.0
400,s1271_0000,-914.0,-609.2094751376492,464.82242781019346,-1085,2376,341.0,-1023.0
401,s0085_0000,-76.0,-162.33008966861598,290.86831612105976,-1025,1101,426.0,-885.1299999999992
402,s0600_0000,-516.0,-456.67657171220844,520.0742625908579,-1061,1603,777.0,-1022.0
403,s0043_0000,-953.0,-575.1830080639877,534.8113946396334,-1504,1865,1151.0,-1035.0
404,s1231_0000,-960.0,-610.2487797833975,516.1419331554602,-1033,3130,1024.0,-1017.0
405,s0130_0000,12.0,-159.2835584041496,487.36202273963664,-1358,2708,1393.0,-1023.0
406,s1225_0000,-775.0,-491.9882190373373,493.6763200595255,-1276,3423,754.0,-1024.0
407,s0563_0000,32.0,-39.09965829083476,355.5162568359109,-1267,3226,1032.0,-1024.0
408,s0899_0000,-946.0,-644.3176138401226,473.4475872203794,-1321,3479,569.0,-1024.0
409,s0717_0000,-116.0,-377.5898156057897,494.7044267879027,-1503,3677,761.0,-1023.0
410,s0270_0000,-974.0,-663.8873972477576,463.6312629425923,-1223,3121,405.0,-1025.0
411,s0341_0000,-778.0,-484.18713113862486,508.45230645825757,-1039,1879,568.0,-1024.0
412,s0798_0000,-838.0,-500.7037561565795,534.0152893603542,-2533,16724,859.0,-1213.0
413,s0916_0000,-931.0,-1057.5661213928415,1857.6358556365838,-9698,2019,436.0,-8192.0
414,s0519_0000,-932.0,-586.1627803099076,477.86510668205824,-1151,3235,464.0,-1024.0
415,s0749_0000,-129.0,-448.19494541278334,486.07901547672503,-1248,3233,506.0,-1024.0
416,s0356_0000,-206.0,-307.36987087827697,526.7283092317756,-1062,2230,841.0,-947.0
417,s0030_0000,-780.0,-524.0470896533596,482.2735234990398,-1211,3206,557.0,-1024.0
418,s1283_0000,-560.0,-508.5419347864669,470.9321799179546,-1155,1587,524.0,-1024.0
419,s1380_0000,-994.0,-793.2268704678868,406.71800185635743,-1308,3530,600.0,-1025.0
420,s0647_0000,-28.0,-34.84390888208523,251.13662969023258,-1269,1573,838.0,-1024.0
421,s0648_0000,-110.0,-308.6848906588253,427.9530573283832,-1259,3089,503.0,-1024.0
422,s1052_0000,-156.0,-435.1175135772604,503.91619629996626,-1346,3451,766.0,-1025.0
423,s0821_0000,-825.0,-531.321212505542,484.1094696685888,-1526,3689,683.0,-1036.0
424,s0610_0000,-982.0,-681.7117811151564,494.73804652939083,-1190,3353,1197.0,-1027.0
425,s0622_0000,-991.0,-650.8985640460613,513.6424679849441,-1637,3614,1084.0,-1027.0
426,s0330_0000,-945.0,-609.1758104808415,463.8617711759049,-1190,2962,209.0,-1025.0
427,s0194_0000,-815.0,-495.3306134256723,498.8513400941614,-1055,1623,571.0,-1022.0
428,s0649_0000,-913.0,-557.8626144975832,485.7003084983877,-1045,2688,586.0,-1024.0
429,s1330_0000,-102.0,-375.1032571367945,496.75226286270725,-1379,3230,574.0,-1027.0
430,s1006_0000,-841.0,-522.2636538924293,479.3400167283878,-1295,3343,610.0,-1024.0
431,s0664_0000,-997.0,-712.4428749805111,449.4015790558012,-1192,3592,408.0,-1024.0
432,s0400_0000,-904.0,-516.6882624521073,538.4399708882955,-1352,2198,1336.0,-1024.0
433,s0493_0000,-956.0,-528.6145729945791,548.6568812723493,-1487,2023,1088.0,-1024.0
434,s0575_0000,-956.0,-544.4147675937343,575.1112835591327,-1026,1972,1292.7700000000186,-1009.0
435,s0752_0000,-102.0,-363.32037597825615,474.4677597897842,-1190,3612,548.0,-1024.0
436,s0767_0000,-691.0,-486.30858841020364,491.67401754928085,-1064,2966,615.0,-1024.0
437,s0695_0000,-188.0,-346.3560419656555,484.5984334727525,-1268,3442,824.0,-1039.0
438,s0098_0000,-62.0,-268.7589408215077,449.58690082439585,-1123,1487,539.0,-1026.0
439,s1364_0000,-937.0,-600.9321225856527,498.82584079864336,-1269,3485,650.0,-1023.0
440,s1288_0000,-844.0,-548.3085395174382,496.7218282608084,-1254,3313,378.0,-1026.0
441,s0342_0000,-93.0,-315.95412462618555,463.78810101290054,-1074,1500,617.0,-1021.0
442,s1385_0000,-923.0,-530.4653044260355,500.6125274687549,-1096,3285,656.0,-1024.0
443,s0566_0000,-113.0,-443.4082534517458,507.845393843014,-1061,1718,570.0,-1024.0
444,s0624_0000,-111.0,-369.07564237161387,476.17408889816994,-1455,3522,690.0,-1029.0
445,s1056_0000,-986.0,-690.8305541365244,536.2956646741133,-1048,2205,1510.0,-1024.0
446,s1132_0000,-843.0,-963.7607071819764,1143.3783639725357,-3647,3750,709.0,-3040.0
447,s1022_0000,-105.0,-407.4871449475725,499.3959050626748,-1669,3702,637.0,-1024.0
448,s0165_0000,-927.0,-602.8881018890216,472.1644141488249,-1247,1621,428.0,-1029.0
449,s0991_0000,-651.0,-546.5187119717207,983.56598461668,-9172,9946,711.0,-8192.0
450,s1179_0000,17.0,-36.03181440228951,353.84651348754505,-1052,2742,855.0,-973.0
451,s0943_0000,-1008.0,-691.2113126952389,482.7207023504981,-1574,3726,637.0,-1026.0
452,s0605_0000,-910.0,-556.9657966464679,500.69622798531157,-1172,3155,643.0,-1024.0
453,s0686_0000,-120.0,-453.4242212334345,475.7065701921506,-1046,1805,448.0,-1024.0
454,s0521_0000,0.0,-136.14649950347567,427.22770222194146,-1277,1889,1041.0,-1012.0
455,s0517_0000,-906.0,-602.5363097561133,472.8229860842629,-1167,3370,453.0,-1024.0
456,s0982_0000,-104.0,-386.5052872704928,463.15961689768454,-1360,2921,485.0,-1024.0
457,s0616_0000,-995.0,-690.2090882988631,470.3915535759986,-1408,3195,589.0,-1024.0
458,s0042_0000,-813.0,-517.1905354381515,485.8420321379417,-1203,3273,492.0,-1024.0
459,s0223_0000,-887.0,-582.6356917296501,475.36722975960225,-1108,3269,483.0,-1026.0
460,s0147_0000,-946.0,-549.3157491249646,501.18699624279753,-1128,1634,407.0,-1025.0
461,s1045_0000,-953.0,-581.3512358267395,511.60492278279037,-1090,2780,904.0,-1024.0
462,s0232_0000,-108.0,-396.5086029491163,497.8108022711137,-1353,3486,765.0,-1023.0
463,s0805_0000,-113.0,-363.6552283695141,465.63845036605335,-1315,2930,626.0,-1026.0
464,s1138_0000,-937.0,-588.0332848364653,575.4037475191718,-1453,3743,1890.0,-1041.0
465,s0513_0000,-953.0,-630.1259684514933,487.1731959514789,-1433,3612,374.0,-1024.0
466,s0457_0000,-208.0,-434.96267271852156,477.6200944288726,-1220,2902,585.0,-1013.0
467,s0788_0000,-895.0,-551.6072476071578,477.0525700494244,-1067,3065,556.0,-1023.0
468,s0327_0000,-70.0,-312.0649368089127,469.0805049162059,-1347,3472,589.0,-1023.0
469,s0053_0000,-969.0,-623.3403586630947,474.33509458835846,-1208,1421,395.0,-1024.0
470,s0768_0000,-81.0,-331.6024584828042,482.641827544829,-1118,1493,536.0,-1027.0
471,s0720_0000,-143.0,-489.6265412168412,486.5251009861249,-1238,3071,531.0,-1024.0
472,s0022_0000,-947.0,-580.9560243608158,488.2163459105972,-1238,1686,450.0,-1024.0
473,s0548_0000,-97.0,-362.41051288654205,478.1224803473029,-1183,3296,495.0,-1024.0
474,s1387_0000,-882.0,-538.9947727289184,480.6766280153105,-1179,3239,425.0,-1024.0
475,s0248_0000,-976.0,-715.5958292253043,446.5930782977344,-1427,3861,397.0,-1034.0
476,s0510_0000,-154.0,-405.0389808111578,475.64831761656274,-1155,3295,591.0,-1033.0
477,s0293_0000,-461.0,-478.04978675911855,496.3905798778924,-1050,2681,563.0,-1023.0
478,s0930_0000,-821.0,-492.46386725778626,721.2098991353112,-9237,5050,967.0,-1100.0
479,s0222_0000,-864.0,-516.8994852338745,482.56761945340236,-1287,2248,386.0,-1024.0
480,s1329_0000,-833.0,-562.0976109944276,479.21912772570494,-1136,3144,453.0,-1027.0
481,s1278_0000,-775.0,-512.6509584820756,473.77266016027295,-1172,3457,400.0,-1024.0
482,s0364_0000,-714.0,-479.13747787998045,497.429696613805,-1116,1641,817.0,-1029.0
483,s0770_0000,-153.0,-402.23015003640853,516.0000439691972,-2034,8508,889.0,-1181.0
484,s1201_0000,-99.0,-369.78420384160796,474.90852162792237,-1146,3529,593.0,-1024.0
485,s0883_0000,-89.0,-271.5070339185069,496.1249818674457,-1233,3280,866.0,-1024.0
486,s0410_0000,-952.0,-485.1174843208631,608.8728635830015,-1038,3148,1539.0,-1024.0
487,s0471_0000,-120.0,-422.26326868037387,472.4390633945514,-1069,3384,398.0,-1023.0
488,s0522_0000,-847.0,-531.8128382432477,483.3309039281559,-1059,2041,597.0,-1024.0
489,s0079_0000,-988.0,-615.9518259437356,511.5159016361838,-1403,1881,854.0,-1038.0
490,s0343_0000,-869.0,-525.7618959200328,488.4596382980768,-1187,3344,407.0,-1029.0
491,s0378_0000,-133.0,-297.87964079258245,478.9567816490012,-1161,3118,1016.0,-1032.0
492,s1012_0000,-927.0,-588.4172106887023,479.8980730408679,-1054,3174,431.0,-1024.0
493,s1031_0000,-973.0,-661.2007695969453,476.21717849929604,-1062,2688,662.0,-1024.0
494,s0645_0000,-115.0,-291.42964822212844,443.90305016630174,-1197,3526,696.0,-1041.0
495,s1196_0000,-113.0,-302.5828707760103,417.12249746106085,-1101,1922,337.0,-1023.0
496,s0000_0000,-850.0,-515.3862515676661,503.87760294364926,-1051,1712,927.0,-1024.0
497,s0714_0000,-778.0,-506.24357562881653,482.59748460346725,-1212,1794,538.0,-1037.0
498,s0660_0000,-949.0,-630.1995429564173,527.7364126095691,-1512,3605,1428.0,-1052.0
499,s1067_0000,-918.0,-588.1415350963291,490.31980766061014,-1051,2513,643.0,-1020.0
500,s0896_0000,-991.0,-701.0305261372804,457.5110474983041,-1055,1512,584.0,-1024.0
501,s0756_0000,-113.0,-320.669287626021,591.8400417110497,-1175,3188,1979.0,-1032.0
502,s0651_0000,-998.0,-647.334473670649,476.39347958960826,-1050,1261,332.0,-1024.0
503,s0700_0000,-52.0,-148.59288638771187,351.4918378143155,-1264,1849,789.0,-1023.0
504,s1349_0000,-710.0,-488.4156480211078,497.1284281707627,-1096,3264,612.0,-1024.0
505,s0776_0000,-22.0,-101.48976832088114,347.56579031974735,-1113,2123,966.0,-1010.0
506,s0172_0000,37.0,-34.60481018126405,416.8422061687657,-1040,3163,1279.0,-1022.0
507,s1277_0000,-938.0,-658.0646242161855,481.033783785126,-1172,3534,710.0,-1026.0
508,s0606_0000,-949.0,-631.1445400139271,479.2742389862822,-1218,3364,626.0,-1026.0
509,s0320_0000,-930.0,-572.3795087858751,481.2347260142994,-1227,3572,500.0,-1024.0
510,s0901_0000,-675.0,-432.63792742067346,519.388518612181,-1053,3153,708.0,-1021.0
511,s0431_0000,-841.0,-517.1969123404256,495.52703754082864,-1149,3448,451.0,-1024.0
512,s0275_0000,-944.0,-558.4944825412341,498.02104256657975,-1186,2608,601.0,-1024.0
513,s1110_0000,-845.0,-537.6787215959548,494.14570351818503,-1187,3446,657.0,-1025.0
514,s0974_0000,-953.0,-654.5081851834074,512.6863316844004,-1567,3539,1439.0,-1046.0
515,s0608_0000,-128.0,-391.1498346123429,458.87096762802486,-1075,3193,652.0,-1022.0
516,s1316_0000,-956.0,-1076.7010895485103,1111.3882726398076,-3322,3431,576.0,-3027.0
517,s0301_0000,-86.0,-304.12561141198216,522.0030543435192,-1254,3248,1400.0,-1027.0
518,s1257_0000,-248.0,-452.46871247667286,514.9474738967047,-1221,3451,591.0,-1023.0
519,s0646_0000,-1020.0,-695.9709835095138,486.1710925548726,-1309,3474,506.0,-1026.0
520,s1146_0000,-899.0,-1014.9375279542527,1147.6158722163314,-3651,3581,711.0,-3037.0
521,s0245_0000,-912.0,-565.0472498218268,494.5307307176469,-1578,3577,744.0,-1029.0
522,s1013_0000,-167.0,-458.99673598185035,508.45879150737,-1749,3452,664.0,-1026.0
523,s0880_0000,-947.0,-621.846638647907,475.21407834054617,-1267,3641,414.0,-1024.0
524,s1303_0000,-86.0,-285.7701646142034,521.5648039830088,-1462,3659,1476.0,-1033.0
525,s0601_0000,-835.0,-482.0310425609517,520.6844410777559,-1204,2326,807.0,-1049.0
526,s1224_0000,-800.0,-505.04122130209447,495.438312452301,-1231,3432,558.0,-1024.0
527,s0769_0000,-940.0,-662.5484362318493,462.5957403700745,-1144,3388,704.0,-1024.0
528,s0908_0000,-811.0,-528.6881840972518,480.4635552600164,-1405,3630,522.0,-1024.0
529,s0277_0000,-940.0,-554.9324111227246,516.4945103339757,-1418,3413,840.0,-1031.0
530,s1175_0000,-971.0,-707.0513455792619,439.20556098171113,-1099,1465,427.0,-1024.0
531,s0133_0000,-945.0,-592.0757804950758,488.9694861788205,-1243,2447,627.0,-1026.0
532,s0775_0000,-117.0,-342.5094961001642,504.15262234868993,-2542,11481,901.0,-1173.0
533,s0685_0000,-144.0,-451.7148383780195,490.0541828611691,-1096,1843,568.0,-1024.0
534,s0976_0000,-89.0,-416.2234252221366,867.0515117637925,-9210,5766,987.0,-8192.0
535,s1125_0000,-946.0,-604.6613190225196,523.5342708462894,-1427,3514,849.0,-1024.0
536,s0139_0000,-961.0,-638.2133084049409,483.5190837468599,-1384,3447,544.0,-1031.0
537,s0915_0000,-923.0,-587.7278238098338,487.48845120049015,-1149,3505,410.0,-1023.0
538,s0407_0000,-344.0,-420.5636061218487,499.774848997114,-1207,3446,820.0,-1037.0
539,s0036_0000,-83.0,-236.37855646851133,490.6175194521475,-1164,2852,1484.0,-1034.0
540,s0740_0000,-49.0,-182.61725786291498,408.22532140756573,-1127,1813,891.0,-1024.0
541,s1405_0000,-439.0,-485.14551487165886,487.94531576437316,-1179,3262,525.0,-1024.0
542,s0292_0000,-936.0,-512.6817509569655,575.4906793663708,-1075,3220,1385.0,-1024.0
543,s0204_0000,-112.0,-409.8614752262709,476.13697221050614,-1175,1418,499.0,-1026.0
544,s0845_0000,-114.0,-313.4711561079303,480.26194855445146,-1308,2299,910.0,-1024.0
545,s0229_0000,-899.0,-569.2447072215593,542.9937619823082,-1693,3864,2257.0,-1046.0
546,s0603_0000,-943.0,-573.8033150701062,475.0597502529111,-1077,1652,459.0,-1024.0
547,s0785_0000,-317.0,-450.29653644966675,511.0921861591553,-1252,8589,706.0,-1049.0
548,s0181_0000,-882.0,-576.2872014865601,470.762402268411,-1096,1597,437.0,-1024.0
549,s0593_0000,-958.0,-630.0057967180945,475.6642335293334,-1261,3564,516.0,-1024.0
550,s1397_0000,-972.0,-682.3261557179787,471.207228322342,-1507,3548,855.0,-1024.0
551,s0108_0000,-909.0,-537.3768078730038,489.3292472285317,-1290,2024,507.0,-1025.0
552,s0458_0000,-122.0,-415.7279432266021,489.7178341492636,-1473,3503,639.0,-1023.0
553,s0131_0000,-110.0,-430.8789094804744,495.4221455166805,-1130,2150,571.0,-1024.0
554,s1252_0000,-122.0,-438.17794008134274,493.79521016148436,-1048,1984,700.0,-1024.0
555,s0661_0000,-954.0,-638.8591656653165,479.56107790024987,-1662,3930,535.0,-1024.0
556,s1297_0000,-866.0,-541.1092170911263,483.715340474178,-1109,3113,664.0,-1022.0
557,s0583_0000,-122.0,-434.3828187660551,482.47747932478615,-1172,3684,506.0,-1019.0
558,s0557_0000,-101.0,-373.49872003366886,488.8482778416973,-1364,3189,676.0,-1024.0
559,s0168_0000,-869.0,-514.7857660445617,499.2715733862459,-1038,1414,447.0,-1013.0
560,s1340_0000,-914.0,-1039.3890011390001,1135.3667630703821,-3599,3583,756.0,-3043.0
561,s1222_0000,-921.0,-546.1717014124102,501.61189875994796,-1100,1691,747.0,-1024.0
562,s0135_0000,-954.0,-659.4972988600197,457.8748815731167,-1231,2739,317.0,-1033.0
563,s0995_0000,-930.0,-632.7273022362143,463.24668427077785,-1143,1506,389.0,-1024.0
564,s0461_0000,-957.0,-640.9958427431044,488.74545579920846,-1061,3046,707.0,-1024.0
565,s1327_0000,-846.0,-523.4141291086993,507.25269028933593,-1432,3435,635.0,-1029.0
566,s0892_0000,-130.0,-414.05130255254295,495.2632026372933,-1384,3390,625.0,-1027.0
567,s0675_0000,-928.0,-618.6517352158392,466.1136797525276,-1570,3884,392.0,-1026.0
568,s1401_0000,-918.0,-516.5041993276872,510.4234478977088,-1047,1772,850.0,-1023.0
569,s1382_0000,-941.0,-595.137229171182,493.4871209740185,-1242,3504,518.0,-1024.0
570,s0019_0000,-124.0,-414.7875399424508,493.12634462053643,-1551,3683,534.0,-1025.0
571,s0924_0000,-119.0,-460.1001854194061,483.59078671134466,-1199,3369,503.0,-1024.0
572,s0261_0000,-936.0,-522.8986037306495,515.8557032124066,-1045,1535,613.0,-1021.0
573,s0380_0000,-933.0,-581.229839705067,490.5414137608696,-1157,3394,598.0,-1024.0
574,s0238_0000,-76.0,-302.96624367647365,483.8867059002035,-1257,3381,710.0,-1021.0
575,s1359_0000,-99.0,-388.63221105789256,511.0400151474219,-1045,1739,1231.0,-1023.0
576,s0612_0000,-897.0,-562.2489422977757,477.38594700720694,-1169,3252,517.0,-1024.0
577,s0213_0000,-898.0,-536.3593922041742,512.0811061687256,-1250,1438,353.0,-1045.0
578,s0993_0000,-963.0,-480.4724164025794,637.241105480418,-1042,3250,1728.0,-1024.0
579,s1098_0000,-981.0,-1112.6368961245637,1089.9505345144103,-3754,1933,448.0,-3045.0
580,s1036_0000,-960.0,-601.1106970094297,505.8280093234557,-1032,3108,886.7900000000373,-1019.0
581,s1130_0000,-551.0,-487.6350836518353,504.9114141700327,-1052,1696,878.0,-1024.0
582,s0676_0000,-1000.0,-819.2464102319484,380.8640017822806,-1159,3018,265.0,-1024.0
583,s1260_0000,-953.0,-462.4753020867475,663.0739341595186,-1041,2488,1805.0,-1024.0
584,s0952_0000,-41.0,-129.15694011783563,366.90776655652274,-1202,3217,915.0,-1022.0
585,s0452_0000,-102.0,-349.3548402025862,483.53861655234135,-1434,3679,641.0,-1026.0
586,s0718_0000,-849.0,-504.12920984338183,513.9542024068171,-1175,3392,778.0,-1023.0
587,s0849_0000,-960.0,-705.0625681030655,477.7741536590502,-1518,3918,1268.0,-1052.0
588,s0955_0000,-70.0,-328.847687817728,497.059905391493,-1040,1418,843.0,-1023.0
589,s0985_0000,-956.0,-651.1286842964965,475.5968469393517,-1051,3230,506.0,-1024.0
590,s0212_0000,-62.0,-341.7536687351751,487.80516049486306,-1225,1905,678.0,-1029.0
591,s0012_0000,-57.0,-258.8318945049284,437.2562620859864,-1234,1732,578.0,-1021.0
592,s0388_0000,-981.0,-567.435915275201,637.9997969463225,-1115,3315,1633.0,-1024.0
593,s0746_0000,-144.0,-398.9062503485065,503.7638192889215,-1419,3525,861.0,-1048.0
594,s0692_0000,-943.0,-587.0957190461595,487.3917231270262,-1220,3066,487.0,-1024.0
595,s0586_0000,-809.0,-922.6954577027706,1184.4030785403688,-3651,1612,629.0,-3041.0
596,s0048_0000,-94.0,-316.135791947157,439.75926109083605,-1155,2634,437.0,-1024.0
597,s0672_0000,-122.0,-407.67996373852134,489.0728494459392,-1177,3339,735.0,-1027.0
598,s0394_0000,-583.0,-457.56858311111114,505.92367628176237,-1351,3607,640.0,-1021.0
599,s0379_0000,-46.0,-185.08890497849563,486.15868286867396,-1387,3374,1381.0,-1028.0
600,s0677_0000,-111.0,-357.589908668854,461.4593873899007,-1104,1440,465.0,-1024.0
601,s0656_0000,-109.0,-309.14443028819187,446.51374357635285,-1116,3172,638.0,-1010.0
602,s1090_0000,-165.0,-891.8146043020246,1188.548800926286,-3457,3931,694.0,-3027.0
603,s0919_0000,-96.0,-252.5861821559022,414.83963243352036,-1195,3172,590.0,-1026.0
604,s0921_0000,-899.0,-514.1846075576462,524.2144260669321,-1257,2694,1071.0,-1044.0
605,s0422_0000,-899.0,-563.5766120826218,489.6080370784853,-1040,3300,520.0,-1023.0
606,s1286_0000,-929.0,-594.918904153706,484.0034458079468,-1104,2071,479.0,-1019.0
607,s0822_0000,-175.0,-417.5061144507353,509.4239052536083,-1332,3352,757.0,-1026.0
608,s0115_0000,-857.0,-599.8002887928299,461.3343199541679,-1479,4000,600.0,-1024.0
609,s0224_0000,-981.0,-684.0088759023491,462.55346696383845,-1420,3540,534.0,-1024.0
610,s0228_0000,-597.0,-500.907864881364,485.04209708681435,-1118,1474,515.0,-1024.0
611,s0840_0000,-113.0,-344.99300697823736,438.3909404191196,-1302,3365,653.0,-1024.0
612,s0894_0000,-654.0,-462.0902380682126,520.8946152644102,-1554,4162,968.0,-1029.0
613,s0716_0000,-887.0,-560.1804232528925,477.3624215808611,-1054,3205,501.0,-1020.0
614,s0550_0000,-956.0,-632.8771152702327,479.9627199569484,-1221,3344,492.0,-1025.0
615,s0918_0000,-918.0,-563.1087283335831,498.69264994005005,-1240,3464,556.0,-1024.0
616,s0939_0000,-669.0,-914.294998024043,1890.3521467395253,-9562,4891,560.0,-8192.0
617,s1345_0000,-54.0,-271.44404017068905,463.56467809830133,-1036,1377,520.0,-987.0
618,s1246_0000,-851.0,-507.05187856397873,529.9396756788143,-1706,4067,1025.0,-1033.0
619,s0816_0000,-105.0,-391.018271107131,606.2955297853948,-9192,5531,707.0,-1043.0
620,s0004_0000,-160.0,-443.38209301388764,493.6646276120036,-1190,3013,436.0,-1024.0
621,s0897_0000,-891.0,-566.2754774062785,495.15383897829275,-1068,2443,868.0,-1023.0
622,s0370_0000,-958.0,-568.2921662833774,492.1257185077192,-1345,2071,425.0,-1026.0
623,s1159_0000,-986.0,-779.071360245037,431.85026925081786,-1668,4537,683.0,-1062.0
624,s0233_0000,-2.0,15.084008356794394,173.26790199008872,-1026,1415,965.0,-173.0
625,s0052_0000,-117.0,-419.29930727472356,494.1504574983281,-1046,3063,645.0,-1023.0
626,s0109_0000,-945.0,-594.597978212877,481.5075602388904,-1116,1567,510.0,-1025.0
627,s0399_0000,-173.0,-432.6316214492044,492.8510448362882,-1245,2060,809.0,-1040.0
628,s0305_0000,-942.0,-647.0360345138439,465.0609531128095,-1267,1807,429.0,-1044.0
629,s0189_0000,-128.0,-437.2272135898765,514.8892694860024,-1443,3317,751.0,-1029.0
630,s0336_0000,-73.0,-253.80500719453724,393.0472424159223,-1032,2520,795.0,-1016.0
631,s0642_0000,-974.0,-600.4814604058088,517.0546977592127,-1035,3115,919.0,-1023.0
632,s0490_0000,-823.0,-521.4839147993144,474.73051879121175,-1046,2556,371.0,-1019.0
633,s1372_0000,-884.0,-529.3491157018608,522.6538014118266,-1453,3452,849.0,-1022.0
634,s1029_0000,-983.0,-744.426479866525,464.39989851811504,-1708,4463,965.0,-1035.0
635,s0069_0000,-990.0,-652.1195209852747,465.7295443474472,-1342,1667,240.0,-1024.0
636,s0541_0000,-956.0,-621.4616655079058,474.1647762752069,-1188,1345,353.0,-1024.0
637,s1097_0000,-299.0,-314.7551237808237,530.9465449190214,-1439,3509,936.0,-1019.0
638,s0867_0000,-509.0,-454.2308991532229,515.7800012710526,-1302,2762,845.0,-1024.0
639,s0635_0000,-961.0,-661.832734343039,465.2137907990992,-1059,3049,398.0,-1024.0
640,s1344_0000,-109.0,-406.5803972400299,490.7378051096216,-1335,3153,528.0,-1024.0
641,s0750_0000,-891.0,-564.7478397249764,516.3334007609604,-1463,3620,961.0,-1030.0
642,s1048_0000,-153.0,-480.6910320040605,472.2723792041763,-1052,1615,310.0,-1027.0
643,s0844_0000,-145.0,-495.01554662321325,1012.9393823435372,-9634,6577,1012.0,-8192.0
644,s0809_0000,-714.0,-471.8712912488369,531.146985335468,-1390,2970,890.0,-1045.0
645,s1148_0000,4.0,-228.2820292561469,620.2279895427591,-1267,2436,1581.0,-1024.0
646,s0429_0000,-997.0,-686.3230050028229,477.5406794125551,-1338,3354,565.0,-1026.0
647,s0438_0000,-864.0,-550.0615945885246,498.88365188154256,-1285,3528,853.0,-1024.0
648,s0589_0000,-943.0,-620.9763213985442,480.42365301127256,-1917,3486,568.0,-1024.0
649,s0578_0000,-912.0,-549.7838433524122,499.3066098814491,-1053,3151,697.0,-1022.0
650,s0727_0000,-954.0,-700.2967420419626,462.4547908155613,-1694,4009,655.0,-1045.0
651,s0424_0000,-75.0,-275.4365154503616,474.71516743510495,-1049,3236,915.0,-1023.0
652,s1267_0000,-894.0,-527.786592712555,500.27649111601977,-1054,2498,515.0,-1024.0
653,s1040_0000,-633.0,-436.3641573631047,558.5825221740218,-1516,3383,1690.0,-1029.0
654,s0981_0000,-155.0,-413.21421516264246,496.8204766505177,-1365,3139,1030.0,-1045.0
655,s0674_0000,-159.0,-372.71192630832934,488.5816929631639,-1443,3459,834.0,-1036.0
656,s0501_0000,-78.0,-251.79892616474436,490.826434482334,-1366,3166,1325.0,-1024.0
657,s1113_0000,-960.0,-636.073451678617,527.9320654184031,-1391,3853,1462.0,-1043.0
658,s1055_0000,-933.0,-508.3197843536717,578.7758537980446,-1032,1725,1323.0,-1023.0
659,s1107_0000,-955.0,-657.2684763822291,543.3645564982069,-1510,3632,1875.0,-1046.0
660,s1305_0000,-961.0,-623.4814992828734,506.14794865259785,-1288,3442,828.0,-1027.0
661,s0863_0000,-947.0,-648.3622956134592,468.76203097487587,-1067,3178,420.0,-1024.0
662,s0658_0000,-879.0,-554.1760993707752,495.80863289462826,-1210,3633,537.0,-1043.0
663,s1046_0000,-99.0,-362.00739442701496,491.57043825267255,-1434,3550,705.0,-1024.0
664,s0956_0000,-921.0,-648.1086232037194,481.47479630951585,-1053,3154,718.0,-1025.0
665,s0824_0000,-847.0,-508.7000501435603,530.41379874252,-2506,8755,877.0,-1187.0
666,s0137_0000,-436.0,-488.04505236932255,485.16218199878966,-1033,1404,454.0,-1018.0
667,s0057_0000,-909.0,-571.3351512792684,476.5089771050816,-1226,2661,326.0,-1026.0
668,s1137_0000,-82.0,-378.34575539568345,541.4348572601752,-1464,3221,1351.0,-1024.0
669,s0065_0000,-823.0,-493.92992542226233,511.2334055002177,-1188,3358,670.0,-1020.0
670,s0529_0000,-931.0,-613.3960602016441,492.3847095888697,-1038,1677,725.0,-1024.0
671,s0077_0000,-126.0,-446.2322091050953,474.7058830732132,-1042,2453,505.0,-1024.0
672,s1251_0000,-940.0,-652.5180638998185,484.9171435754756,-1557,3608,989.0,-1024.0
673,s0167_0000,-916.0,-554.9670569176959,530.8828647206535,-1277,3014,1313.0,-1033.0
674,s0197_0000,-122.0,-426.98214379242745,469.72435618014214,-1110,2135,488.0,-1024.0
675,s0110_0000,-527.0,-444.0090537011198,541.7643434406467,-1249,2964,1090.0,-1028.0
676,s1068_0000,-504.0,-468.70696525166403,525.984403712535,-1244,3503,901.0,-1042.0
677,s0014_0000,-1023.0,-609.1226886987774,501.76404771631616,-1298,2663,489.0,-1026.0
678,s0117_0000,-75.0,-266.9634370489634,447.17720290693865,-1332,1462,632.0,-1028.0
679,s1337_0000,-898.0,-581.3284122934888,475.00593601520546,-1156,2871,434.0,-1024.0
680,s0847_0000,-871.0,-561.6514874262101,482.91861858898665,-1141,3493,540.0,-1024.0
681,s1086_0000,-841.0,-959.1566002076021,1159.5069928904602,-3677,3552,516.0,-3040.0
682,s0123_0000,-738.0,-486.46867055066025,490.40473107521115,-1194,3059,565.0,-1031.0
683,s1021_0000,-144.0,-294.8478629719621,502.1193172487849,-1043,3401,855.0,-1009.0
684,s0357_0000,-851.0,-549.6452384949683,482.3753989159282,-1060,3219,588.0,-1018.0
685,s0390_0000,-477.0,-476.63027122869255,498.73488487866575,-1058,3496,614.0,-1024.0
686,s0296_0000,-118.0,-363.5151223958333,477.25468378885137,-1171,1840,682.0,-1043.0
687,s0832_0000,-853.0,-538.2526740054295,496.6289008066841,-1164,3505,619.0,-1024.0
688,s0080_0000,-958.0,-669.4139498637496,467.0574695717869,-1247,3248,573.0,-1037.0
689,s0206_0000,-892.0,-551.2737348693095,478.30638130443003,-1045,2077,498.0,-1024.0
690,s0081_0000,-883.0,-517.7647315135205,525.2931163635516,-1572,3089,1081.0,-1036.0
691,s0836_0000,-922.0,-587.4740742761333,489.2592935533993,-1044,3123,602.0,-1019.0
692,s0518_0000,-646.0,-445.72351256575104,547.493717590362,-1331,3592,1390.0,-1017.0
693,s0215_0000,-880.0,-562.4975465873923,483.3986846836266,-1204,2888,450.0,-1046.0
694,s0958_0000,-99.0,-357.6416897477712,458.5742682873866,-1076,3465,553.0,-1024.0
695,s1072_0000,-973.0,-632.4588833649517,584.1100184820415,-1027,2153,1487.0,-1016.0
696,s0508_0000,-845.0,-511.99274628818387,540.7482042258849,-1564,3517,804.0,-1025.0
697,s0941_0000,-917.0,-587.9576902721312,488.3885578576213,-1050,3280,472.0,-1024.0
698,s0362_0000,-946.0,-636.0454101887809,474.4099992609317,-1234,3242,540.0,-1024.0
699,s1134_0000,-150.0,-241.83375979035668,615.7962719735357,-1316,3404,1437.0,-1023.0
700,s0289_0000,-824.0,-499.924591713319,551.4130561337777,-1073,3273,1304.0,-1023.0
701,s1366_0000,-989.0,-712.0871046668719,442.74081362347636,-1467,3248,410.0,-1024.0
702,s0414_0000,-159.0,-403.328451154063,507.1146538100777,-1226,3523,783.0,-1030.0
703,s0618_0000,-143.0,-389.93290108398395,486.7896768341006,-1126,3299,814.0,-1036.0
704,s1321_0000,-970.0,-718.1294576553413,443.26243152257734,-1421,3270,553.0,-1024.0
705,s0875_0000,-955.0,-566.5646938243441,526.5634117207136,-1035,2680,1057.0,-1021.0
706,s0066_0000,-126.0,-420.538224191969,483.61373216220045,-1333,1681,705.0,-1024.0
707,s1190_0000,-887.0,-589.5772402640309,511.1937829634551,-1235,3363,695.0,-1025.0
708,s1102_0000,-927.0,-597.8841282889435,485.50572549170556,-1370,3495,564.0,-1025.0
709,s0791_0000,-61.0,-251.8724212404584,534.0093461521112,-1215,3266,1026.0,-1022.0
710,s0549_0000,-969.0,-642.4974762574611,477.49530872669885,-1205,3153,553.0,-1025.0
711,s1308_0000,-893.0,-1005.4009019476946,1150.256855815894,-3717,3982,711.0,-3039.0
712,s0367_0000,-612.0,-439.5654980941052,495.09859906625366,-1429,3768,802.0,-1030.0
713,s0376_0000,-99.0,-353.91438601197603,438.19620053260974,-1030,2076,508.0,-1012.0
714,s0158_0000,-176.0,-456.3588749829288,495.8752676904873,-1149,1747,570.0,-1030.0
715,s1135_0000,-845.0,-531.2298731742135,478.40512859400076,-1221,3301,471.0,-1024.0
716,s0582_0000,-843.0,-536.7951139326849,499.13064711088373,-1506,3584,711.0,-1023.0
717,s1115_0000,-159.0,-361.4744575299518,551.9357179247186,-1318,3514,1747.0,-1037.0
718,s0962_0000,-950.0,-687.4980595206542,446.0273986215606,-1434,3660,517.0,-1024.0
719,s0366_0000,-944.0,-608.9709063335525,463.6504757251798,-1219,2170,333.0,-1024.0
720,s1244_0000,-206.0,-471.0765264212012,487.5025864873906,-1069,1605,605.0,-1024.0
721,s0830_0000,-938.0,-1358.9173301736473,2382.065337073924,-9703,4384,525.0,-8196.0
722,s0487_0000,-902.0,-1001.5317176581343,1139.6382446589137,-3814,4102,985.0,-3037.0
723,s1400_0000,-937.0,-591.6512810558971,491.0782909973851,-1053,3443,579.0,-1024.0
724,s0393_0000,-830.0,-513.1581248485526,514.5271425403644,-1423,3571,684.0,-1032.0
725,s0411_0000,-152.0,-328.2641496881644,564.502782202567,-1453,3227,1814.0,-1032.0
726,s1058_0000,-853.0,-941.6207054436198,1192.0979110109467,-3757,4073,921.0,-3042.0
727,s0668_0000,-71.0,-381.957925148095,525.3851505403032,-1037,2251,923.0,-1023.0
728,s0385_0000,-136.0,-359.2762352890382,507.44968739559465,-1720,3842,1191.0,-1046.0
729,s1088_0000,-967.0,-719.163398858583,450.9334188730728,-1747,4288,639.0,-1051.0
730,s1245_0000,-111.0,-341.26110605218093,434.1425506077077,-1055,1373,511.0,-1020.0
731,s0537_0000,-962.0,-605.4218371803713,510.1582846182931,-1365,3061,990.0,-1029.0
732,s0326_0000,-793.0,-525.1341336668456,506.3388856069551,-1413,1910,791.0,-1033.0
733,s0934_0000,-574.0,-492.9997384088588,482.33945004003687,-1416,3414,568.0,-1024.0
734,s0491_0000,-128.0,-380.8956243501778,515.471208225924,-1333,3428,1011.0,-1024.0
735,s0193_0000,-111.0,-387.10143517535266,470.6464131948136,-1109,1521,494.0,-1024.0
736,s1004_0000,-406.0,-445.6902355576625,532.9123725072557,-1478,3605,854.0,-1032.0
737,s0760_0000,-401.0,-472.1759848501405,499.32457588923927,-1099,3452,775.0,-1024.0
738,s1191_0000,-914.0,-1008.7758895590974,1154.978606299298,-3727,4264,924.0,-3039.0
739,s0778_0000,-897.0,-715.103639126163,1292.0469024650504,-9571,3526,517.0,-8192.0
740,s0825_0000,-65.0,-153.76936093593292,395.5502467329569,-1117,3431,820.0,-1020.0
741,s1156_0000,-106.0,-459.97285894695705,565.730021199679,-1208,3233,3000.0,-1024.0
742,s0564_0000,-109.0,-372.0010970368051,463.86305921095015,-1050,1481,575.0,-1020.0
743,s0392_0000,-931.0,-597.9803208432239,490.66516379868807,-1315,3507,756.0,-1024.0
744,s1109_0000,-931.0,-587.7232406121561,467.2050278340621,-1181,1463,301.0,-1027.0
745,s0987_0000,-84.0,-277.87689506539834,476.48928347841337,-1046,3132,786.0,-1023.0
746,s0889_0000,-487.0,-452.0561046689149,504.30688636092833,-1064,3197,771.0,-1024.0
747,s0494_0000,-907.0,-1036.1811412442944,1133.5504204462052,-3661,3350,724.0,-3039.0
748,s0059_0000,-908.0,-567.2825421942724,483.3900358800992,-1388,3407,535.0,-1024.0
749,s0442_0000,-145.0,-480.6574856229558,483.9464995630767,-1054,1568,546.0,-1024.0
750,s0054_0000,-694.0,-513.9357845953169,488.86521284448827,-1213,3451,668.0,-1024.0
751,s1170_0000,-84.0,-379.31481385976474,515.7228788912231,-1433,2846,1323.0,-1026.0
752,s0062_0000,-978.0,-607.0109418203227,499.9412158772062,-1447,3399,582.0,-1024.0
753,s1256_0000,-966.0,-661.9207037667118,470.5292930640514,-1169,3272,683.0,-1024.0
754,s0957_0000,-937.0,-613.8574975756446,489.54921526885875,-1049,3220,623.0,-1023.0
755,s0112_0000,-722.0,-494.8290649723101,519.9864339820621,-1244,2014,926.0,-1027.0
756,s1063_0000,-978.0,-1142.3574857761723,1071.5421668560994,-3640,3321,531.0,-3039.0
757,s1124_0000,-928.0,-637.942235075098,485.03553213954467,-1490,3504,955.0,-1024.0
758,s1023_0000,-272.0,-441.0365003880734,487.13795143104505,-1292,2901,536.0,-1024.0
759,s0532_0000,-41.0,-247.94672471405931,396.62223558320704,-1040,2158,247.0,-1014.0
760,s0912_0000,-952.0,-639.4787438909306,481.86940932084093,-1221,3385,532.0,-1024.0
761,s0515_0000,-73.0,-306.55325360986427,447.8659381285891,-1289,3604,550.0,-1027.0
762,s1077_0000,-170.0,-450.2093921267646,498.5889164580506,-1436,3485,628.0,-1026.0
763,s0545_0000,-152.0,-441.83416302038387,490.69115802398744,-1467,3332,673.0,-1039.0
764,s0813_0000,-50.0,-186.96819851294455,415.032197950093,-1087,3391,739.0,-969.0
765,s0504_0000,-56.0,-219.1533185202042,542.7497949596183,-1334,3541,1602.0,-1017.0
766,s0666_0000,-101.0,-358.6360649811422,474.44277172420806,-1117,1383,691.0,-1024.0
767,s1279_0000,-85.0,-308.2567865038475,454.81765601925616,-1045,3209,796.5649999999441,-1022.0
768,s0259_0000,-1024.0,-795.1040139122521,436.26718267205035,-1276,1759,546.0,-1113.0
769,s0663_0000,-925.0,-573.6959733926407,486.08633982156476,-1062,2940,452.0,-1024.0
770,s0576_0000,-975.0,-616.873049731206,526.0154105511041,-1278,3417,1240.0,-1037.0
771,s0703_0000,-924.0,-575.4332990240389,487.7325837972502,-1055,2613,469.0,-1024.0
772,s0652_0000,-324.0,-343.67767539845215,522.3196943844738,-1075,3334,775.0,-1007.0
773,s0258_0000,-816.0,-480.0666411706919,503.8056354863534,-1386,3234,519.0,-1027.0
774,s0369_0000,-968.0,-561.2216947128205,508.6291928436377,-1370,1389,616.0,-1025.0
775,s0617_0000,-926.0,-545.5897101916881,505.3504843506492,-1246,3081,624.0,-1024.0
776,s0815_0000,-992.0,-597.4166963178106,514.39510118219,-1233,3418,720.0,-1024.0
777,s1162_0000,-815.0,-948.4986467295414,1176.233765660914,-3643,3591,772.0,-3038.0
778,s0306_0000,-101.0,-354.8472617139265,461.5753642019284,-1133,3362,433.0,-1024.0
779,s1111_0000,-918.0,-568.8621484794501,500.75236441125463,-1230,3430,502.0,-1024.0
780,s0150_0000,-139.0,-462.36251685063746,485.647642787955,-1089,1629,415.0,-1024.0
781,s0650_0000,-954.0,-640.5126424150449,471.42498799143084,-1444,3530,404.0,-1024.0
782,s1084_0000,-831.0,-531.6072527974508,471.7317052906429,-1107,1132,382.0,-1024.0
783,s0945_0000,-941.0,-612.3602926985053,472.1226618482965,-1148,3383,353.0,-1024.0
784,s1274_0000,-930.0,-647.3329091402675,468.42007467744713,-1125,1864,668.0,-1024.0
785,s0771_0000,-944.0,-637.1823114839046,479.7392166872658,-1141,3237,568.0,-1025.0
786,s0972_0000,-343.0,-381.4422210529905,518.1152146100927,-1165,3334,763.0,-1023.0
787,s1254_0000,-234.0,-431.6879512234486,455.9916166339885,-1063,2160,565.0,-1011.0
788,s0315_0000,-869.0,-546.4086477180035,475.4948870525738,-1181,1654,409.0,-1034.0
789,s0196_0000,-953.0,-627.5711308175875,469.034116421481,-1543,3815,447.0,-1026.0
790,s1015_0000,-166.0,-364.5102728300695,592.8242947092904,-1235,3368,2016.0,-1032.0
791,s1014_0000,-148.0,-331.44206625604085,645.3658849566294,-1288,2411,1681.0,-1024.0
792,s1223_0000,-455.0,-457.39417995399907,502.4290457384545,-1131,3138,612.0,-1016.0
793,s0421_0000,-752.0,-503.35103034554317,485.98504124328514,-1096,3450,540.0,-1023.0
794,s0111_0000,-851.0,-524.4605002251792,506.1518988502375,-1765,3458,575.0,-1031.0
795,s0620_0000,-914.0,-535.6907329723726,511.58814511492255,-1333,3520,731.0,-1024.0
796,s0209_0000,-4.0,-7.699289218000586,276.26970085812985,-1220,3593,1049.0,-944.0
797,s1144_0000,-417.0,-458.3872753154817,490.2701510052944,-1078,3374,711.0,-1024.0
798,s0488_0000,-812.0,-539.419775703124,516.8295569754875,-1345,3284,667.0,-1024.0
799,s0340_0000,-963.0,-563.0225962587979,576.7928165119605,-1043,3155,1395.0,-1024.0
800,s0201_0000,-934.0,-600.0192798962987,474.11969103602587,-1303,2846,528.0,-1041.0
801,s0303_0000,-885.0,-585.4190577625952,471.72559269659223,-1131,2918,432.0,-1024.0
802,s1136_0000,-902.0,-553.0936055854579,492.3267451014124,-1481,3754,626.0,-1044.0
803,s1129_0000,-939.0,-552.6515991786586,552.897577027881,-1036,3153,1633.0,-1021.0
804,s0032_0000,-870.0,-538.4259775863782,523.8409789243799,-1548,3847,986.0,-1027.0
805,s1122_0000,-84.0,-240.942656912186,490.48302641668647,-1252,3444,1219.0,-989.0
806,s0183_0000,-103.0,-383.72197323365737,484.4868273822714,-1052,3192,479.0,-1024.0
807,s0591_0000,-949.0,-645.5008524443199,472.16914241227283,-1561,3444,665.0,-1024.0
808,s0500_0000,-787.0,-514.4891598604082,492.5081657164268,-1173,1519,616.0,-1025.0
809,s0858_0000,-124.0,-313.8752928541291,531.4434098038183,-1052,3318,1092.5049999998882,-1022.0
810,s0890_0000,-920.0,-595.5764580272787,470.438599134521,-1048,2793,495.0,-1021.0
811,s1007_0000,-937.0,-590.5237689550718,494.8174534902907,-1210,3287,621.0,-1024.0
812,s0763_0000,-934.0,-589.6178994624523,493.29537918959807,-1524,3473,703.0,-1024.0
813,s0852_0000,-862.0,-570.4195452724257,470.5336752815829,-1054,3490,502.0,-1028.0
814,s0105_0000,-969.0,-664.1543479000302,460.3773588591642,-1152,1398,313.0,-1026.0
815,s0265_0000,-912.0,-554.8816938042066,475.2594458580052,-1180,2866,341.0,-1025.0
816,s0965_0000,-914.0,-562.5065241248221,501.4545528660511,-1176,3351,635.0,-1023.0
817,s0294_0000,-943.0,-643.4005536735829,474.8795561813276,-1226,2158,524.0,-1030.0
818,s0435_0000,-206.0,-298.43880108774425,564.7843290731544,-1093,3653,1082.0,-1022.0
819,s0597_0000,-933.0,-650.654782807465,479.2916924007932,-1220,3517,820.0,-1029.0
820,s0372_0000,-881.0,-573.419187332412,463.0389322780634,-1056,3180,382.0,-1024.0
821,s0587_0000,-960.0,-639.3344562872629,469.70810068568164,-1083,3423,409.0,-1025.0
822,s1365_0000,-952.0,-645.8479395340929,473.47645025197295,-1140,3576,569.0,-1024.0
823,s1395_0000,-879.0,-531.7371158656548,494.6879503125848,-1272,3262,536.0,-1024.0
824,s1341_0000,-955.0,-676.1201883388338,495.97710027175253,-1242,3724,1195.0,-1050.0
825,s0146_0000,-803.0,-508.6331920529195,486.8478559493027,-1251,3395,444.0,-1031.0
826,s0076_0000,-925.0,-638.1376364711757,456.8481868998657,-1480,3808,429.0,-1024.0
827,s0231_0000,-836.0,-520.6565891442817,483.58225486525686,-1133,2933,476.0,-1024.0
828,s1369_0000,-940.0,-626.8424098295679,461.8937323974117,-1243,3337,599.0,-1024.0
829,s0971_0000,-993.0,-639.7252335901588,483.6800817573769,-1234,1280,402.0,-1024.0
830,s0398_0000,-309.0,-448.0557009999245,510.21404950115203,-1448,3636,815.0,-1036.0
831,s0871_0000,-230.0,-434.01255843195264,521.4547535079558,-1290,3390,997.0,-1027.0
832,s0083_0000,-842.0,-530.5555996293822,459.87763887759166,-1036,2345,389.0,-1022.0
833,s1403_0000,-931.0,-548.828040734782,500.8672584291494,-1137,2853,643.0,-1024.0
834,s0314_0000,-978.0,-742.6153334814088,436.3224945377109,-1646,3888,416.0,-1040.0
835,s0210_0000,-888.0,-547.8760941860951,481.08632230787214,-1275,2196,426.0,-1024.0
836,s0579_0000,-56.0,-176.8721396576071,411.9936336715751,-1044,3211,899.0,-987.0
837,s0696_0000,-203.0,-373.5182572175753,507.2736526851972,-1178,3325,1013.0,-1035.0
838,s0469_0000,-884.0,-570.6381212767593,491.6791601411212,-1256,3663,708.0,-1015.0
839,s0594_0000,-686.0,-448.16201007797963,519.4711256358954,-1568,3510,783.0,-1024.0
840,s0418_0000,-891.0,-498.0456224535989,516.902820740011,-1039,3291,705.0,-1021.0
841,s0655_0000,-107.0,-277.4748488498133,573.9491190122558,-1036,1762,972.0,-980.5050000000001
842,s0604_0000,-493.0,-433.422114194863,511.41739343677034,-1199,3323,1031.0,-1040.0
843,s0263_0000,-927.0,-557.0236970509161,534.3519327039833,-1195,3363,1181.0,-1033.0
844,s1028_0000,-745.0,-486.1756061653005,489.0426183425236,-1054,3350,651.0,-1023.0
845,s0249_0000,-909.0,-596.2415776537708,473.0243333945535,-1266,2267,410.0,-1031.0
846,s1328_0000,-971.0,-831.7024275804442,381.06572566759075,-1170,2386,1469.0,-1035.0
847,s0728_0000,-115.0,-337.62043772371976,497.0343438228083,-1224,2149,956.0,-1049.0
848,s1234_0000,-111.0,-417.84167347946766,494.6885171740951,-1474,3168,919.0,-1024.0
849,s0056_0000,-928.0,-533.9434878737876,526.4287710395859,-1039,3078,1115.0,-1020.0
850,s0375_0000,-994.0,-647.8797767217651,486.5362996681492,-1296,1473,437.0,-1025.0
851,s1216_0000,-148.0,-952.2070878329133,1220.3980661711214,-4067,3719,523.0,-3045.0
852,s0037_0000,-943.0,-676.2203534454004,459.86616478522546,-1408,4094,541.0,-1048.0
853,s1085_0000,-925.0,-569.7042292794875,492.12307744776876,-1045,3150,518.0,-1022.0
854,s0049_0000,-106.0,-363.36197245558645,482.0333616168753,-1425,3339,761.0,-1026.0
855,s0619_0000,-89.0,-238.58753878680642,450.48424152699437,-1154,3186,866.0,-1009.0
856,s0403_0000,-916.0,-558.2008121260247,486.99452532318026,-1253,3565,577.0,-1024.0
857,s0708_0000,-914.0,-564.7448174659023,487.0194832067606,-1191,3390,613.0,-1022.0
858,s0086_0000,-999.0,-760.8824247539012,423.13426498752136,-1134,1662,344.0,-1024.0
859,s0895_0000,-788.0,-490.06087693499825,505.8744264793673,-1055,3303,616.0,-1021.0
860,s0349_0000,-179.0,-455.63869117535023,492.35501648713637,-1123,3369,777.0,-1024.0
861,s0221_0000,2.0,-171.76519887064313,413.20184704963765,-1216,3437,851.0,-972.0
862,s0842_0000,-826.0,-519.7275266416771,503.03931393161116,-1244,3557,425.0,-1025.0
863,s0161_0000,-90.0,-384.92824185120304,502.75741936513646,-1414,1720,704.0,-1024.0
864,s0382_0000,-944.0,-618.8094821333057,499.6390198838891,-1160,3322,1100.0,-1022.0
865,s0046_0000,-863.0,-542.9238786211563,477.6699560162638,-1099,3376,447.0,-1023.0
866,s0216_0000,-992.0,-700.4119866564073,458.4591706352903,-1060,1906,618.0,-1024.0
867,s1145_0000,-809.0,-920.4137095987255,1156.9437230965798,-3552,2185,557.0,-3035.0
868,s0697_0000,-884.0,-578.346281889967,496.5996505904412,-1337,3461,625.0,-1026.0
869,s0437_0000,-981.0,-688.6361253798572,464.81696987330446,-1109,3201,584.0,-1024.0
870,s1292_0000,-893.0,-574.5821660481096,509.320293347987,-1451,3409,630.0,-1025.0
871,s0682_0000,-954.0,-587.6052517751303,499.12467312748583,-1181,1851,525.0,-1024.0
872,s0588_0000,-973.0,-638.4546689952822,540.8626364586206,-1279,2104,1478.0,-1031.0
873,s0909_0000,-109.0,-427.4333621173768,497.4902319795707,-1715,3584,757.0,-1029.0
874,s0514_0000,-87.0,-311.7841488477852,653.1175947395992,-1235,2054,1462.0,-1026.0
875,s0045_0000,-104.0,-395.27293072111,489.52038361089984,-1080,3218,659.0,-1018.0
876,s0096_0000,-538.0,-490.8809655250682,490.7398006803847,-1149,3336,514.0,-1024.0
877,s0313_0000,-27.0,5.494416691009373,192.32594684673748,-1024,3131,1057.0,-192.0
878,s1404_0000,-804.0,-524.184661934724,498.03218249138115,-1323,3367,681.0,-1024.0
879,s0208_0000,15.0,-181.26281745449208,472.4590119471437,-1293,1829,1128.0,-1026.0
880,s0800_0000,-73.0,-145.71312016685192,383.9081227446327,-1083,3358,968.0,-1021.0
881,s1239_0000,-706.0,-470.10200158422225,491.4750366971582,-1602,3552,581.0,-1027.0
882,s0101_0000,-20.0,-298.9870161101006,532.6746484923873,-1027,3105,1328.0,-1002.0
883,s0445_0000,-500.0,-492.1217098189311,477.41622849677344,-1054,2236,480.0,-1021.0
884,s0472_0000,-955.0,-639.383539286398,465.75945580091513,-1257,3722,486.0,-1024.0
885,s0071_0000,-981.0,-677.2492262304172,451.1151846462139,-1097,3172,309.0,-1024.0
886,s0999_0000,-774.0,-508.95933180198955,487.3737551550306,-1064,3236,639.0,-1024.0
887,s0239_0000,-950.0,-606.2340529655903,489.9179552991772,-1058,3287,467.0,-1024.0
888,s0439_0000,-912.0,-588.1828842352144,475.4195363661264,-1063,3154,544.0,-1024.0
889,s0729_0000,-98.0,-251.47305209206053,424.8731212904447,-1122,3130,619.0,-1008.0
890,s0285_0000,-903.0,-612.0613321997524,463.4831538321132,-1641,3666,556.0,-1026.0
891,s1025_0000,-110.0,-318.9438543265065,482.87885622424574,-1042,3073,894.0,-1021.0
892,s0710_0000,-144.0,-369.82018572195386,452.1988394152395,-1333,3760,530.0,-1030.0
893,s1331_0000,-118.0,-838.5700551470588,1200.9177855278394,-3558,1582,510.0,-3047.0
894,s0304_0000,-116.0,-386.1538040282629,465.1523270004859,-1102,2534,510.0,-1024.0
895,s0426_0000,-791.0,-491.6244879852441,508.3825055864664,-1048,1729,828.0,-1022.0
896,s0694_0000,-178.0,-421.01050825245414,521.9902185070667,-1279,2003,955.0,-1048.0
897,s1375_0000,-153.0,-467.3553424127857,481.1013163072716,-1220,3299,505.0,-1024.0
898,s0996_0000,-794.0,-543.3273696831671,461.65389014211024,-1066,1475,432.0,-1024.0
899,s0878_0000,-992.0,-2211.432297988,3111.3108501739343,-9806,2692,414.0,-8245.0
900,s0290_0000,-909.0,-596.4311274907329,468.84809880102046,-1229,3387,515.0,-1025.0
901,s1218_0000,-928.0,-1038.8663580694936,1128.1950902217134,-3559,3299,675.0,-3043.0
902,s0089_0000,-138.0,-423.86488187828854,498.36781687194537,-1277,3456,602.0,-1025.0
903,s1350_0000,-999.0,-799.445262759291,409.13241447656645,-1393,3691,509.0,-1024.0
904,s1287_0000,-933.0,-593.3667564945864,488.3471617765933,-1045,3222,515.0,-1024.0
905,s0866_0000,-892.0,-568.3201358995709,490.49786691519694,-1295,1935,599.0,-1024.0
906,s1150_0000,-967.0,-585.9070111392795,632.5321475860961,-1027,2045,1677.0,-1014.0
907,s0160_0000,-965.0,-657.8391446634171,464.870001790548,-1328,2959,361.0,-1046.0
908,s0698_0000,-108.0,-396.80039763858326,470.7523194308187,-1063,3183,504.0,-1016.0
909,s1255_0000,-897.0,-1023.4721118947872,1132.3640470925604,-3587,2060,492.0,-3040.0
910,s1280_0000,-201.0,-431.52279406077315,475.1447885359524,-1481,3144,537.0,-1031.0
911,s0814_0000,-964.0,-630.0700303420651,505.28457527211043,-1110,3202,932.0,-1024.0
912,s0864_0000,-63963137.0,-167589173.6719335,226075473.56556064,-2034565076,1844445151,36962304.0,-541523969.0
913,s1141_0000,-73.0,-156.55349999918704,340.5938817463529,-1229,3390,739.0,-1024.0
914,s1059_0000,-106.0,-394.1745957702809,524.0355189776483,-1320,2946,1152.0,-1011.0
915,s0179_0000,-880.0,-510.9085688643535,488.81384444741263,-1268,3072,630.0,-1036.0
916,s0737_0000,-112.0,-426.69854266493246,480.3186374714978,-1041,1532,452.0,-1010.0
917,s0848_0000,-664.0,-430.3709865279229,481.3159463749064,-1063,2177,533.0,-1024.0
918,s0237_0000,-892.0,-509.891446333165,500.1455713743032,-1244,1991,558.0,-1038.0
919,s0456_0000,-945.0,-623.495695703371,474.88301526266247,-1199,3447,525.0,-1024.0
920,s0416_0000,-836.0,-486.6058241041426,519.4521412685948,-1039,1567,701.0,-1021.0
921,s0044_0000,-119.0,-378.76349192517716,550.9847726855144,-1591,2668,1338.0,-1043.0
922,s0790_0000,-977.0,-716.1886886095901,470.14437165177634,-1686,3951,1091.0,-1032.0
923,s1173_0000,-927.0,-1056.6911496250182,1124.7097354373686,-3288,3787,747.0,-3037.0
924,s1207_0000,-890.0,-572.5196107583911,473.38214506489646,-1292,3292,555.0,-1024.0
925,s0947_0000,-99.0,-300.7171835702676,476.98759763537754,-1193,2112,937.0,-1040.0
926,s1370_0000,-145.0,-430.4442455075438,503.4704372277257,-1871,3809,736.0,-1027.0
927,s0467_0000,-953.0,-613.7081647332702,483.0641009264086,-1610,3586,672.0,-1024.0
928,s0801_0000,-95.0,-404.91449144572573,503.5732986902688,-1154,3263,629.0,-1028.0
929,s0680_0000,-981.0,-667.9719392284921,466.3130576265812,-1178,3300,456.0,-1024.0
930,s0553_0000,-939.0,-582.4496778424077,486.57615671560615,-1048,3164,537.0,-1021.0
931,s0820_0000,-938.0,-609.5246559298279,534.1454297657094,-1466,3418,1528.0,-1047.0
932,s0665_0000,-120.0,-360.0326586479435,466.128761890218,-1093,3241,517.0,-1028.0
933,s0353_0000,11.0,-11.089810495727974,324.29027844480396,-1143,2014,1146.0,-970.0
934,s0780_0000,-860.0,-528.7722165190869,493.3102851031287,-1043,3098,626.0,-1021.0
935,s0359_0000,-67.0,-351.63047376290336,562.0473283423586,-1248,2868,1483.0,-1039.0
936,s0011_0000,-961.0,-643.9277229832567,481.5887575026659,-1550,3710,456.0,-1025.0
937,s1104_0000,-993.0,-604.3536320509388,505.8537736975851,-1175,3230,916.0,-1024.0
938,s0838_0000,-84.0,-231.1293002586755,436.92383432101946,-1144,3312,542.0,-992.0
939,s0143_0000,-94.0,-402.1738196796691,508.48254416740576,-1347,3374,662.0,-1026.0
940,s0271_0000,-806.0,-494.0772739553838,510.00886789889967,-1585,3644,713.0,-1028.0
941,s1339_0000,-988.0,-600.3368165223341,510.28426402328864,-1340,2290,682.0,-1024.0
942,s0346_0000,-978.0,-659.699691613051,503.255155750112,-1095,3182,1164.0,-1025.0
943,s0826_0000,-200.0,-420.42136180068627,489.8683692467981,-1321,2142,698.0,-1024.0
944,s0287_0000,-998.0,-767.6595775400805,429.3043236919952,-1290,3294,407.0,-1024.0
945,s0016_0000,-836.0,-506.0722552702302,500.297491530873,-1168,3197,660.0,-1024.0
946,s1041_0000,-942.0,-557.3497533766632,524.2096711292239,-1573,3532,833.0,-1024.0
947,s1020_0000,-110.0,-416.4083206784542,478.4989416766376,-1280,3413,559.0,-1024.0
948,s1035_0000,-497.0,-412.56970296135245,512.6437910532709,-1337,1800,900.0,-1026.0
949,s0332_0000,-937.0,-607.3939838770433,501.2565773447303,-1227,3379,845.0,-1024.0
950,s0226_0000,-948.0,-596.7008925844592,486.98168448043674,-1482,2253,691.0,-1032.0
951,s0711_0000,-793.0,-924.836718889708,1186.7340185986916,-3747,3700,618.0,-3043.0
952,s1298_0000,-861.0,-552.4096325599544,473.0523138641045,-1224,3475,420.0,-1024.0
953,s1062_0000,-114.0,-419.40456838320273,498.76076292608303,-1382,3444,667.0,-1025.0
954,s1389_0000,-73.0,-344.42478056467155,981.6525722454036,-9388,2197,684.0,-8192.0
955,s0420_0000,-828.0,-491.5555302928381,537.9041575692374,-1470,3723,982.0,-1029.0
956,s0352_0000,37.0,-98.67221016646849,587.3470890580716,-1097,3164,1666.0,-1024.0
957,s0371_0000,-139.0,-442.07597632016115,484.13333847136454,-1081,3371,711.0,-1024.0
958,s0283_0000,-950.0,-584.9186501761916,494.2794540577388,-1143,2337,470.0,-1023.0
959,s0095_0000,-146.0,-378.87889823642297,484.64908372559256,-1476,3578,624.0,-1028.0
960,s0408_0000,-958.0,-638.5531581838525,483.5608241900876,-1056,3167,768.0,-1024.0
961,s0743_0000,-116.0,-305.43504180394825,462.17976741663546,-1280,3563,658.0,-1043.0
962,s0950_0000,-883.0,-539.4406243108515,488.73081733685495,-1046,1779,625.0,-1021.0
963,s1304_0000,-987.0,-718.0516689675849,443.8194691727666,-1373,3670,545.0,-1024.0
964,s0927_0000,-996.0,-808.6911666826611,408.94080977738105,-1853,3761,551.0,-1024.0
965,s0473_0000,-889.0,-527.6284935723723,489.9162931037143,-1067,1643,480.0,-1023.0
966,s0151_0000,-377.0,-489.89072673007416,497.85657080122064,-1167,1793,532.0,-1059.0
967,s0910_0000,-277.0,-412.48634807887555,677.0490171020641,-9173,14765,1605.0,-1339.0
968,s1042_0000,-895.0,-604.098606262463,472.3059610209193,-1292,3472,510.0,-1024.0
969,s1011_0000,-956.0,-602.1262241932122,527.0859964251457,-1335,3256,1198.0,-1024.0
970,s1338_0000,-19.0,-198.77643027528495,404.1694039966351,-1046,1553,809.0,-1005.0
971,s1233_0000,-978.0,-591.7601290117533,494.79616842847224,-1772,3366,453.0,-1027.0
972,s0786_0000,-952.0,-667.3376318514825,514.1101123636411,-1382,3043,1457.0,-1018.0
973,s0528_0000,-116.0,-369.89679726290467,485.7803035322259,-1229,3260,688.0,-1024.0
974,s0657_0000,-1024.0,-701.7366388257471,474.3278813770486,-1400,1511,373.0,-1025.0
975,s0688_0000,-789.0,-491.3950331227668,489.58069025794106,-1270,3425,638.0,-1032.0
976,s1227_0000,-988.0,-553.1875144768651,657.383426731711,-1194,3367,2905.0,-1024.0
977,s0560_0000,-876.0,-511.60859856706105,494.51425414271614,-1075,1490,459.0,-1023.0
978,s1353_0000,-895.0,-620.6279400393116,473.4304232087661,-1182,3383,681.0,-1024.0
979,s0088_0000,-973.0,-688.625442710936,456.58973478529276,-1799,3747,418.0,-1035.0
980,s1033_0000,-129.0,-401.7240877532699,517.1987839660393,-1670,3415,655.0,-1025.0
981,s0935_0000,-84.0,-246.38230069644285,471.56735570612335,-1044,3187,828.0,-1005.0
982,s0903_0000,-995.0,-736.8467667194591,464.13887068955125,-1548,3869,690.0,-1025.0
983,s0980_0000,-74.0,-202.18358602409148,492.8917443107826,-1073,3309,699.0,-1000.0
984,s1043_0000,-951.0,-545.110719231804,534.3820110899234,-1244,3526,1026.0,-1027.0
985,s0963_0000,-128.0,-441.55320533519534,489.7517096443657,-1496,3495,836.0,-1014.0
986,s1172_0000,-884.0,-586.1599054317043,491.77091758099834,-1419,3392,658.0,-1019.0
987,s1210_0000,-613.0,-494.8479967226559,480.83931940456915,-1194,3334,508.0,-1024.0
988,s0627_0000,-967.0,-705.6185716275377,449.6698680576256,-1178,3568,642.0,-1027.0
989,s1000_0000,-16.0,-154.56378047200147,407.90873655371234,-1244,1882,1073.0,-1024.0
990,s0542_0000,-884.0,-516.5245755744661,490.2979999808043,-1125,2088,475.0,-1024.0
991,s0312_0000,-40.0,-192.95754287285106,510.55014797920865,-1129,2715,1492.0,-1031.0
992,s1290_0000,-88.0,-352.29936785737345,487.6884583148703,-1035,1706,766.0,-1024.0
993,s0721_0000,-107.0,-400.0775114361321,477.3235110287889,-1036,1400,529.0,-1020.0
994,s1103_0000,-947.0,-593.6444115544848,498.2438731405173,-1495,2973,821.0,-1024.0
995,s0762_0000,-943.0,-640.7862289912332,468.4734930276282,-1472,3600,415.0,-1024.0
996,s0726_0000,-970.0,-689.2145507368987,453.1620314714515,-1206,2439,442.0,-1024.0
997,s1168_0000,-955.0,-980.4435157920776,1179.9950251840285,-3594,3299,1177.0,-3038.0
998,s0959_0000,-924.0,-615.5920565378804,487.6982967727963,-1070,3286,769.0,-1014.0
999,s0713_0000,-989.0,-537.2664350587514,660.594287821564,-1447,3399,2547.0,-1026.0
1000,s1238_0000,-858.0,-549.6607828556018,480.0934992511324,-1304,3204,444.0,-1024.0
1001,s0702_0000,-111.0,-435.69385560457636,506.0778119424416,-1265,2148,622.0,-1026.0
1002,s0705_0000,-425.0,-479.34872461720437,488.6475215451631,-1358,3624,517.0,-1024.0
1003,s0639_0000,-114.0,-356.5161524005031,440.2381922649663,-1056,3072,495.0,-1024.0
1004,s0391_0000,-856.0,-554.1816911192246,511.8679756708268,-1301,3407,763.0,-1031.0
1005,s0690_0000,-830.0,-508.46711933394187,499.9799163397503,-1482,3497,735.0,-1019.0
1006,s0638_0000,-504.0,-470.578416195724,510.35091289641133,-1197,1855,1072.0,-1029.0
1007,s0738_0000,-723.0,-420.64577470537654,507.4956242113699,-1226,3280,610.0,-1024.0
1008,s1171_0000,-979.0,-780.8899636586772,419.09920756226956,-1580,4092,627.0,-1053.0
1009,s0152_0000,-979.0,-665.4753239442086,489.16187685492343,-1161,3376,849.0,-1027.0
1010,s0300_0000,-972.0,-675.9063638329573,458.40043285323446,-1180,1866,346.0,-1033.0
1011,s1164_0000,-910.0,-581.4884820036896,489.1678975873297,-1069,3172,634.0,-1024.0
1012,s1268_0000,-916.0,-1063.207985410558,1121.9834371686195,-3568,2931,872.0,-3045.0
1013,s0544_0000,-289.0,-446.13356033103133,493.69865134411776,-1148,1854,615.0,-1037.0
1014,s0734_0000,-677.0,-492.75706561180505,501.3397774867453,-1393,3006,806.0,-1035.0
1015,s1275_0000,-911.0,-981.9325957863887,1170.0803149094897,-3702,3982,1140.0,-3041.0
1016,s0374_0000,-911.0,-576.0259604152758,516.1756844931801,-1279,3239,941.0,-1024.0
1017,s1362_0000,-929.0,-581.810783147431,503.6089566994443,-1488,3459,568.0,-1024.0
1018,s0074_0000,-70.0,-284.14077543990703,454.4093674516423,-1168,1701,640.0,-1040.0
1019,s1310_0000,-166.0,-411.80818379017944,529.1203200015495,-1528,3228,887.0,-1024.0
1020,s0454_0000,-940.0,-571.9592144986132,493.9535692993692,-1468,3613,586.0,-1024.0
1021,s1269_0000,-388.0,-465.60403889916967,505.67461418240265,-1406,3341,658.0,-1026.0
1022,s0149_0000,-36.0,-272.0840436637618,515.8512763739138,-1380,3416,1125.0,-1024.0
1023,s1026_0000,-619.0,-447.80693214265494,462.191579879771,-1154,3271,633.0,-1015.0
1024,s0949_0000,-653.0,-443.15705048282604,562.852131390982,-1253,3026,1402.0,-1026.0
1025,s1399_0000,-123.0,-374.2741366829372,438.39708024430763,-1171,3452,442.0,-1024.0
1026,s0530_0000,-89.0,-211.87425048593622,436.93128344022716,-1227,3127,1005.0,-1017.0
1027,s0808_0000,-135.0,-435.6954962656086,894.0071424858496,-10248,10517,765.0,-8192.0
1028,s1155_0000,-305.0,-911.5328522079625,1177.611092379662,-3604,3972,606.0,-3042.0
1029,s0862_0000,-887.0,-514.8582860775095,508.81903586047144,-1246,3507,825.0,-1024.0
1030,s0928_0000,-309.0,-2332.7899746899325,3453.7416325628224,-9745,3355,477.0,-8246.0
1031,s0339_0000,-726.0,-933.8297711546065,1173.595983093085,-3517,2395,646.0,-3046.0
1032,s1154_0000,-959.0,-647.3124908151431,526.2746914331528,-1666,3554,1622.0,-1043.0
1033,s1142_0000,-201.0,-471.16600577561155,487.1716451352677,-1438,3440,501.0,-1026.0
1034,s1018_0000,-748.0,-501.9208132927046,517.9563127592722,-1294,3529,724.0,-1026.0
1035,s1017_0000,-107.0,-278.33574442466687,452.7219803198614,-1445,3553,1132.0,-1036.0
1036,s0355_0000,-934.0,-553.7902909570863,490.5804199609337,-1048,1613,393.0,-1024.0
1037,s0777_0000,-969.0,-637.9616676627612,480.69708637902744,-1423,3607,563.0,-1024.0
1038,s0567_0000,-969.0,-538.1081693276825,609.6884325957697,-1032,1983,1501.0,-1022.0
1039,s0171_0000,-118.0,-450.44802237974443,479.62932733807816,-1033,3178,464.0,-1013.0
1040,s0577_0000,-252.0,-480.762577312744,492.66139758881997,-1489,3552,563.0,-1024.0
1041,s1394_0000,-640.0,-490.6014872804668,494.1891470066268,-1046,2272,627.0,-1024.0
1042,s0699_0000,-905.0,-545.7291876522559,484.00495709754773,-1038,1580,444.0,-1023.0
1043,s0793_0000,-906.0,-578.8028961415315,480.6587977892682,-1069,3429,500.0,-1021.0
1044,s0523_0000,-877.0,-540.2721994313913,476.687875900913,-1095,1772,321.0,-1018.0
1045,s0671_0000,-196.0,-375.9687337176147,493.71676218862706,-1344,3090,731.0,-1031.0
1046,s1123_0000,-948.0,-644.9959231780707,473.3424450824707,-1254,3510,578.0,-1024.0
1047,s0643_0000,-587.0,-456.5682323735865,551.4861794465514,-1283,2852,1480.0,-1044.0
1048,s0869_0000,-920.0,-579.7309117292538,480.1311522344175,-1055,1466,474.0,-1024.0
1049,s0141_0000,-991.0,-623.2571900830147,483.9350649408451,-1142,3240,351.0,-1025.0
1050,s0377_0000,-896.0,-571.8028103266787,517.638464299965,-1439,3694,1101.0,-1033.0
1051,s0015_0000,-948.0,-581.1275796375302,499.3414815970235,-1158,2670,578.0,-1024.0
1052,s1361_0000,-923.0,-549.9737706275453,489.45941493935123,-1218,3274,505.0,-1024.0
1053,s0879_0000,-65.0,-210.48043934227056,430.88841522190563,-1062,3346,760.0,-993.0
1054,s0025_0000,12.0,-193.21163814710943,504.92283075708855,-1634,3338,1247.0,-1027.0
1055,s0104_0000,-966.0,-694.3077051945355,444.0765662033374,-1264,2282,438.0,-1041.0
1056,s0465_0000,-37.0,-217.5263974655719,516.9105658811588,-1558,3503,776.0,-1018.0
1057,s1270_0000,-123.0,-408.6081275463471,514.8419895276394,-1728,3728,994.0,-1025.0
1058,s1206_0000,-942.0,-716.3743080989276,438.8927730305175,-1406,3500,553.0,-1024.0
1059,s0153_0000,-88.0,-299.315072712737,459.1331363175632,-1091,1328,592.0,-1024.0
1060,s0120_0000,-927.0,-576.4548554730804,481.85534831548614,-1361,1881,453.0,-1026.0
1061,s1326_0000,-114.0,-426.2666555762577,490.6977877404589,-1363,3372,458.0,-1026.0
1062,s1315_0000,-105.0,-258.678109168913,433.0447463112908,-1178,3389,856.0,-1024.0
1063,s0623_0000,-923.0,-540.9604938884639,526.3325943407045,-1050,3083,920.0,-1023.0
1064,s0818_0000,-859.0,-482.84331574489755,537.6155704351643,-1356,3441,775.0,-1024.0
1065,s1312_0000,-914.0,-578.0028974376612,470.24322674450246,-1237,2558,312.0,-1024.0
1066,s0782_0000,-858.0,-582.7603992523134,474.97389657833867,-1195,1296,444.0,-1025.0
1067,s0247_0000,-939.0,-607.0752722650441,482.8494985042969,-1222,2265,358.0,-1037.0
1068,s0940_0000,-860.0,-508.03445667002154,499.59226352146464,-1044,3157,619.0,-1019.0
1069,s1197_0000,-883.0,-579.182853702893,490.02683866546823,-1044,3391,617.0,-1020.0
1070,s0114_0000,-782.0,-523.3693546479083,481.82342131797446,-1256,3454,356.0,-1031.0
1071,s0492_0000,-995.0,-619.4575253299768,484.97738683057077,-1265,1351,443.0,-1025.0
1072,s1237_0000,-321.0,-385.0202322931904,546.5652908184857,-1755,3235,940.0,-1024.0
1073,s1300_0000,-959.0,-533.7032152568048,592.430519100778,-1225,2850,1356.0,-1024.0
1074,s0419_0000,-908.0,-565.3454359744335,487.65535480486596,-1539,3923,702.0,-1024.0
1075,s1336_0000,-795.0,-510.5528054490139,483.91977257605294,-1239,3211,495.0,-1024.0
1076,s0754_0000,-722.0,-511.71854641062737,494.11806043712477,-1219,3127,653.0,-1024.0
1077,s1082_0000,-984.0,-785.9971522834294,423.63951271090303,-1568,4015,668.0,-1040.0
1078,s0531_0000,-152.0,-439.89969163977474,512.20005888247,-1323,3348,708.0,-1026.0
1079,s0063_0000,-989.0,-599.4148771730914,517.3744345613692,-1182,1912,833.0,-1025.0
1080,s0498_0000,-692.0,-479.73756018048704,494.45093755578466,-1137,3312,602.0,-1026.0
1081,s0719_0000,-892.0,-582.5366054732195,473.79885110626725,-1467,3581,420.0,-1025.0
1082,s0988_0000,-939.0,-609.1960324843208,480.7064450779302,-1549,3639,402.0,-1025.0
1083,s0590_0000,-991.0,-594.7405326984714,493.43750549305304,-1043,2374,412.0,-1024.0
1084,s1333_0000,-819.0,-519.6937210747382,438.36838724934086,-1101,2130,299.0,-1024.0
1085,s0425_0000,-127.0,-432.9162432828161,485.19066186396583,-1242,3215,507.0,-1024.0
1086,s1147_0000,-52.0,-209.6157509868634,512.5306305816507,-1269,3101,1459.0,-1023.0
1087,s1379_0000,-881.0,-529.146994829072,494.90035057245007,-1062,3197,623.0,-1024.0
1088,s1143_0000,-878.0,-969.6608905656075,1161.9101286268374,-3621,3394,719.0,-3043.0
1089,s0730_0000,-127.0,-425.8663207927991,508.11099328421597,-1317,3444,799.0,-1061.0
1090,s0984_0000,-943.0,-464.7551652519415,643.2019380945945,-1047,3166,1751.0,-1024.0
1091,s0747_0000,-860.0,-539.8075708549427,478.1225738915734,-1227,2096,429.0,-1024.0
1092,s1334_0000,-310.0,-470.84194330462475,522.967870995748,-1638,3663,765.0,-1025.0
1093,s0881_0000,-117.0,-311.5794259023054,500.9910062398348,-1038,3160,931.0,-1004.0
1094,s1106_0000,-49.0,-186.2208938196191,429.6832364500129,-1052,1260,517.0,-980.0
1095,s0744_0000,8.0,-132.18427861447407,483.58005982296737,-1524,3217,1632.0,-1020.0
1096,s1044_0000,-906.0,-538.771067007722,493.4530091125531,-1049,2453,745.0,-1024.0
1097,s1301_0000,-911.0,-517.982759337586,515.3705251345856,-1427,3531,1029.0,-1026.0
1098,s0970_0000,-996.0,-791.8788007344098,425.6534954170722,-1233,3454,867.0,-1024.0
1099,s0715_0000,-777.0,-527.0061472848971,484.39905527875675,-1107,3237,761.0,-1020.0
1100,s0191_0000,-7.0,-168.51986879420508,379.3931339694544,-1214,3514,621.0,-1002.0
1101,s1101_0000,-881.0,-1002.4044383832957,1143.4006744222243,-3617,3736,589.0,-3041.0
1102,s0546_0000,-984.0,-678.1227149555002,468.60648025161964,-1186,3400,586.0,-1025.0
1103,s0107_0000,-998.0,-641.5566087910777,481.318709161801,-1259,3501,498.0,-1024.0
1104,s1367_0000,-124.0,-434.60850940324724,479.2788787040394,-1252,3409,497.0,-1024.0
1105,s0611_0000,-7.0,-52.33784272549855,301.47520218325053,-1268,2278,1185.0,-1017.0
1106,s1314_0000,-984.0,-759.1729914582768,414.9415655251446,-1473,4009,507.0,-1024.0
1107,s0462_0000,-773.0,-489.9757716538087,506.80154991469163,-1376,3536,815.0,-1024.0
1108,s0485_0000,-966.0,-656.9883615313993,469.85768736030303,-1218,2049,383.0,-1024.0
1109,s0395_0000,-949.0,-637.5752184142417,475.29412408808804,-1278,3593,505.0,-1040.0
1110,s0257_0000,-171.0,-441.10981154442635,480.40171882482485,-1258,3831,599.0,-1031.0
1111,s0103_0000,-943.0,-654.741080725584,493.63487405597726,-1035,1908,1075.0,-1003.0
1112,s0476_0000,-840.0,-517.5313106178016,485.0103253962945,-1249,3160,513.0,-1024.0
1113,s0009_0000,-42.0,-95.12113055078947,314.8210835050557,-1037,2975,719.0,-997.0
1114,s1208_0000,-913.0,-554.6701086086192,514.7320620697526,-1548,3337,572.0,-1024.0
1115,s0736_0000,-559.0,-460.3957790053705,456.62027246721414,-1043,3164,493.0,-1019.0
1116,s0961_0000,-938.0,-1523.5817106454876,2591.5668861109116,-9463,3777,566.0,-8198.0
1117,s1001_0000,-937.0,-610.7984542452778,513.2554757359624,-1273,3296,1325.0,-1016.0
1118,s1352_0000,-20.0,-139.93790557778405,451.3486030843581,-1439,2948,1353.0,-1024.0
1119,s0914_0000,-587.0,-479.7451572293447,483.1281976486266,-1069,2926,566.0,-1022.0
1120,s0837_0000,-111.0,-331.36765653399317,506.85474660405913,-1147,2103,1566.0,-1024.0
1121,s0572_0000,-970.0,-607.3883833762638,522.0366847040236,-1160,3440,1005.0,-1023.0
1122,s0774_0000,-981.0,-654.4679914560126,465.70887410386666,-1047,1984,639.0,-1023.0
1123,s0968_0000,-143.0,-440.77525457400515,437.21227668445033,-1060,3208,449.0,-1019.0
1124,s0495_0000,-121.0,-838.9785956427128,1200.7748550239037,-3644,1539,589.0,-3044.0
1125,s1169_0000,-569.0,-441.1667036285234,528.6582767472565,-1433,3722,1273.0,-1045.0
1126,s0253_0000,-935.0,-613.5738722479933,476.8503263819337,-1595,4213,469.0,-1045.0
1127,s0187_0000,-969.0,-655.2928345679012,551.8033034987315,-1299,3171,1412.0,-1022.0
1128,s0794_0000,-915.0,-554.7699897231221,481.3809876078607,-1234,3010,491.0,-1024.0
1129,s0322_0000,-951.0,-677.4398939801847,457.0341297350809,-1437,3896,442.0,-1033.0
1130,s0449_0000,-931.0,-501.84132939156973,586.4585536016746,-1024,1982,1335.0,-1007.0
1131,s0806_0000,-101.0,-345.2212424426966,464.04346526875696,-1279,2595,612.0,-1024.0
1132,s0759_0000,-125.0,-373.4752708672032,575.1374733298413,-9558,7194,1101.0,-1204.0
1133,s0335_0000,-102.0,-354.8260391591687,432.34304772323316,-1044,3237,372.0,-1012.0
1134,s1009_0000,-38.0,-59.51335703136093,249.8233721838389,-1156,1729,858.0,-992.0
1135,s1199_0000,-704.0,-928.9026334784388,1178.9118206976632,-3302,3306,740.0,-3038.0
1136,s0254_0000,-944.0,-536.6587094575658,536.8428167463342,-1217,2505,954.0,-1050.0
1137,s1039_0000,-937.0,-656.8673783840412,462.8158259267931,-1096,3225,473.0,-1024.0
1138,s0772_0000,-36.0,-115.83080191168752,370.5464064105538,-1166,2945,1317.0,-1009.0
