,result_id,cls1,cls2,cls3,cls4,cls5,cls6,cls7,cls8,cls9,cls10,cls11,cls12,cls13,cls14,cls15,cls16,cls17,cls18,cls19,cls20,cls21,cls22,cls23,cls24,cls25,cls26,cls27,cls28
0,/Task007_Pancreas/BigResUNetTrainerV4_222222_64__nnUNetPlansv2.1/fold_1/validation_raw/summary.json,0.816050509580292,0.5929677345303725,,,,,,,,,,,,,,,,,,,,,,,,,,
1,/Task007_Pancreas/BigResUNetTrainerV4_222222_64__nnUNetPlansv2.1/fold_2/validation_raw/summary.json,0.8324638723317238,0.5918004505087889,,,,,,,,,,,,,,,,,,,,,,,,,,
2,/Task007_Pancreas/BigResUNetTrainerV4_222222_64__nnUNetPlansv2.1/fold_3/validation_raw/summary.json,0.8306579209394789,0.5352428893914171,,,,,,,,,,,,,,,,,,,,,,,,,,
3,/Task007_Pancreas/BigResUNetTrainerV4_222222_64__nnUNetPlansv2.1/fold_4/validation_raw/summary.json,0.8182903024026746,0.5194804070671547,,,,,,,,,,,,,,,,,,,,,,,,,,
4,/Task007_Pancreas/BigResUNetTrainerV4_222222_64__nnUNetPlansv2.1/fold_0/validation_raw/summary.json,0.8294549946910517,0.573702746978935,,,,,,,,,,,,,,,,,,,,,,,,,,
5,/Task007_Pancreas/BigResUNetTrainerV4_111111_32__nnUNetPlansv2.1/fold_1/validation_raw/summary.json,0.8102220157469358,0.5895293456161224,,,,,,,,,,,,,,,,,,,,,,,,,,
6,/Task007_Pancreas/BigResUNetTrainerV4_111111_32__nnUNetPlansv2.1/fold_2/validation_raw/summary.json,0.8249197786633679,0.5678234921838186,,,,,,,,,,,,,,,,,,,,,,,,,,
7,/Task007_Pancreas/BigResUNetTrainerV4_111111_32__nnUNetPlansv2.1/fold_3/validation_raw/summary.json,0.8269371474377477,0.5374714217546719,,,,,,,,,,,,,,,,,,,,,,,,,,
8,/Task007_Pancreas/BigResUNetTrainerV4_111111_32__nnUNetPlansv2.1/fold_4/validation_raw/summary.json,0.8153373715251961,0.4895184756482801,,,,,,,,,,,,,,,,,,,,,,,,,,
9,/Task007_Pancreas/BigResUNetTrainerV4_111111_32__nnUNetPlansv2.1/fold_0/validation_raw/summary.json,0.821477112711701,0.4982123027498731,,,,,,,,,,,,,,,,,,,,,,,,,,
10,/Task007_Pancreas/BigResUNetTrainerV4_111111_32_ft__nnUNetPlansv2.1/fold_1/validation_raw/summary.json,0.8103921744648385,0.5644541907952491,,,,,,,,,,,,,,,,,,,,,,,,,,
11,/Task007_Pancreas/BigResUNetTrainerV4_111111_32_ft__nnUNetPlansv2.1/fold_2/validation_raw/summary.json,0.8262947741309252,0.5546996638607732,,,,,,,,,,,,,,,,,,,,,,,,,,
12,/Task007_Pancreas/BigResUNetTrainerV4_111111_32_ft__nnUNetPlansv2.1/fold_3/validation_raw/summary.json,0.8269715584132717,0.5285981619099555,,,,,,,,,,,,,,,,,,,,,,,,,,
13,/Task007_Pancreas/BigResUNetTrainerV4_111111_32_ft__nnUNetPlansv2.1/fold_4/validation_raw/summary.json,0.8148448931928056,0.5450707698365931,,,,,,,,,,,,,,,,,,,,,,,,,,
14,/Task007_Pancreas/BigResUNetTrainerV4_111111_32_ft__nnUNetPlansv2.1/fold_0/validation_raw/summary.json,0.8233248716119026,0.4960839656381664,,,,,,,,,,,,,,,,,,,,,,,,,,
15,/Task007_Pancreas/BigResUNetTrainerV4_222222_64_ft__nnUNetPlansv2.1/fold_1/validation_raw/summary.json,0.8114969095257205,0.6053979419076281,,,,,,,,,,,,,,,,,,,,,,,,,,
16,/Task007_Pancreas/BigResUNetTrainerV4_222222_64_ft__nnUNetPlansv2.1/fold_2/validation_raw/summary.json,0.8295109765554314,0.5496592415451527,,,,,,,,,,,,,,,,,,,,,,,,,,
17,/Task007_Pancreas/BigResUNetTrainerV4_222222_64_ft__nnUNetPlansv2.1/fold_3/validation_raw/summary.json,0.8393194129154417,0.5639845778500606,,,,,,,,,,,,,,,,,,,,,,,,,,
18,/Task007_Pancreas/BigResUNetTrainerV4_222222_64_ft__nnUNetPlansv2.1/fold_4/validation_raw/summary.json,0.8140958910616278,0.5584338705619233,,,,,,,,,,,,,,,,,,,,,,,,,,
19,/Task007_Pancreas/BigResUNetTrainerV4_222222_64_ft__nnUNetPlansv2.1/fold_0/validation_raw/summary.json,0.827897582404532,0.503380419078967,,,,,,,,,,,,,,,,,,,,,,,,,,
20,/Task605_SegThor/nnUNetTrainerV2_S6_D3_W64__nnUNetPlansv2.1/fold_0/validation_raw/summary.json,0.8506349574262724,0.9427709879876933,0.9078514981895456,0.9389646066054235,,,,,,,,,,,,,,,,,,,,,,,,
21,/Task605_SegThor/nnUNetTrainerV2_S4_D2_W32__nnUNetPlansv2.1/fold_0/validation_raw/summary.json,0.8490919171003037,0.9384712060701661,0.9045989493799981,0.9329452684604079,,,,,,,,,,,,,,,,,,,,,,,,
22,/Task605_SegThor/nnUNetTrainerV2_S4_D3_W32__nnUNetPlansv2.1/fold_0/validation_raw/summary.json,0.848822082492507,0.9434991518196162,0.9060380651487132,0.9348771479215046,,,,,,,,,,,,,,,,,,,,,,,,
23,/Task605_SegThor/nnUNetTrainerV2_S6_D2_W16__nnUNetPlansv2.1/fold_0/validation_raw/summary.json,0.8421944409047676,0.9379352923717736,0.9104358064478624,0.9371248128968055,,,,,,,,,,,,,,,,,,,,,,,,
24,/Task605_SegThor/nnUNetTrainerV2_S4_D2_W64__nnUNetPlansv2.1/fold_0/validation_raw/summary.json,0.8450275222318291,0.9409478378104756,0.9025783768704044,0.931334082544361,,,,,,,,,,,,,,,,,,,,,,,,
25,/Task605_SegThor/nnUNetTrainerV2_S5_D2_W16__nnUNetPlansv2.1/fold_0/validation_raw/summary.json,0.8427810613631375,0.9402180539875955,0.9099455962001615,0.9389308159251053,,,,,,,,,,,,,,,,,,,,,,,,
26,/Task605_SegThor/nnUNetTrainerV2_S5_D2_W32__nnUNetPlansv2.1/fold_0/validation_raw/summary.json,0.8472056791772764,0.9401318449070817,0.9125526380050817,0.9364302203130319,,,,,,,,,,,,,,,,,,,,,,,,
27,/Task555_FeTA2022/BigUNetTrainerFeta__nnUNetPlansv2.1/fold_0/validation_raw/summary.json,0.8445380804341733,0.7722835049215732,0.9018675582827013,0.878165007013076,0.9021351613747624,0.8566890421461145,0.8338798673790411,,,,,,,,,,,,,,,,,,,,,
28,/Task603_MMWHS/nnUNetTrainerV2_S4_D3_W32__nnUNetPlansv2.1/fold_0/validation_raw/summary.json,0.8913058873514597,0.897154714821451,0.944552372285913,0.8772603110807388,0.8685697305107396,0.8795655576042115,0.8148533578008038,,,,,,,,,,,,,,,,,,,,,
29,/Task603_MMWHS/nnUNetTrainerV2_S4_D3_W64__nnUNetPlansv2.1/fold_0/validation_raw/summary.json,0.8904870372558221,0.8841546004221615,0.9471057127047084,0.8754957371059959,0.8774630656701521,0.8625519207629683,0.806366705462576,,,,,,,,,,,,,,,,,,,,,
30,/Task603_MMWHS/nnUNetTrainerV2_S4_D2_W16__nnUNetPlansv2.1/fold_0/validation_raw/summary.json,0.8869347954973681,0.8467628814432164,0.937821144197311,0.8172474644849648,0.8321484239733067,0.8692511831255265,0.7772550395466601,,,,,,,,,,,,,,,,,,,,,
31,/Task603_MMWHS/nnUNetTrainerV2_S6_D2_W16__nnUNetPlansv2.1/fold_0/validation_raw/summary.json,0.8895335532460972,0.9110091091985356,0.9473509505859217,0.9163962560472181,0.8924434607473094,0.894890867051195,0.845489845303157,,,,,,,,,,,,,,,,,,,,,
32,/Task603_MMWHS/nnUNetTrainerV2_S4_D2_W64__nnUNetPlansv2.1/fold_0/validation_raw/summary.json,0.892388433415622,0.8688842574451965,0.9457162096961017,0.8511796081207584,0.8491158449696258,0.8557726392445405,0.7816011835814263,,,,,,,,,,,,,,,,,,,,,
33,/Task603_MMWHS/UNETRTrainer3__nnUNetPlansv2.1/fold_0/validation_raw/summary.json,0.8801680181174915,0.875324963392182,0.9377716350098075,0.8116963802774109,0.8558253162068421,0.8617483320227743,0.8219164060202817,,,,,,,,,,,,,,,,,,,,,
34,/Task603_MMWHS/nnUNetTrainerV2_S6_D2_W64__nnUNetPlansv2.1/fold_0/validation_raw/summary.json,0.8927442479833931,0.9151253489494007,0.9471541926379541,0.9023727019988341,0.894287406291906,0.8904784503097443,0.8493915125699361,,,,,,,,,,,,,,,,,,,,,
35,/Task603_MMWHS/nnUNetTrainerV2_S5_D2_W64__nnUNetPlansv2.1/fold_0/validation_raw/summary.json,0.8920193972681861,0.9058211498265787,0.9471307138841378,0.8746666809265534,0.8893952553231143,0.8844735487086126,0.8349413978295059,,,,,,,,,,,,,,,,,,,,,
36,/Task603_MMWHS/nnUNetTrainerV2_S5_D2_W16__nnUNetPlansv2.1/fold_0/validation_raw/summary.json,0.8894866432328692,0.9126428740907432,0.9465277253604626,0.9115266598156246,0.8949282740512082,0.8937786733207098,0.8568994571168826,,,,,,,,,,,,,,,,,,,,,
37,/Task603_MMWHS/nnUNetTrainerV2_S5_D2_W32__nnUNetPlansv2.1/fold_0/validation_raw/summary.json,0.8912395585985426,0.9138065550382928,0.9472719773934406,0.8969923375904265,0.8953633569348167,0.8900424488903941,0.8512724342090152,,,,,,,,,,,,,,,,,,,,,
38,/Task051_LAScarQS22_task2/BigResUNetTrainer1__nnUNetPlansv2.1/fold_0/validation_raw/summary.json,0.9193718641007346,,,,,,,,,,,,,,,,,,,,,,,,,,,
39,/Task051_LAScarQS22_task2/BigResUNetTrainer2__nnUNetPlansv2.1/fold_0/validation_raw/summary.json,0.9205753432626016,,,,,,,,,,,,,,,,,,,,,,,,,,,
40,/Task051_LAScarQS22_task2/BigUNetTrainer2__nnUNetPlansv2.1/fold_0/validation_raw/summary.json,0.9193831472301349,,,,,,,,,,,,,,,,,,,,,,,,,,,
41,/Task600_CTSpine1K/nnUNetTrainerV2_S6_D3_W64__nnUNetPlansv2.1/fold_0/validation_raw/summary.json,0.9398687409784817,0.9687245428469533,0.9566683303724385,0.9565776800170537,0.9551658007899878,0.950608943952434,0.9481607733084649,0.9187209029624744,0.8603569303378551,0.8013718662661043,0.7337120645017924,0.6067370046146463,0.4759920421453537,0.423632770863763,0.04515056599460891,0.0,0.0,,,,,,,,,,,
42,/Task600_CTSpine1K/nnUNetTrainerV2_S4_D2_W32__nnUNetPlansv2.1/fold_0/validation_raw/summary.json,0.9252359119725426,0.9681337701581073,0.9546387883543791,0.9490552913200495,0.9410423036130098,0.9425042229984759,0.9427709127449649,0.8752721470426407,0.8059951516792895,0.7241968401032288,0.665136968288806,0.5445646468806916,0.46228537893574745,0.447270821012553,0.0,0.0,0.0,,,,,,,,,,,
43,/Task600_CTSpine1K/nnUNetTrainerV2_S4_D3_W32__nnUNetPlansv2.1/fold_0/validation_raw/summary.json,0.9389876549841885,0.9686645333566825,0.9524788748924546,0.944903699047997,0.9497332588201434,0.9502394556214577,0.9461468959119097,0.8923064110928497,0.8278981236119,0.7510661601876182,0.698472970510546,0.5674443566861266,0.42099543199724987,0.402881854867782,4.2815092320042814e-05,0.0,0.0,,,,,,,,,,,
44,/Task600_CTSpine1K/nnUNetTrainerV2_S4_D3_W64__nnUNetPlansv2.1/fold_0/validation_raw/summary.json,0.9256969011836771,0.9687010851751313,0.9574255240560959,0.9559490530241176,0.9559102583215123,0.9507965341594284,0.9482061010370776,0.8986442627100376,0.8190427903535367,0.7670685351380626,0.7202891830429898,0.6000671938247761,0.4613491860275492,0.42026438343469,0.006927551560021153,0.0,0.0,,,,,,,,,,,
45,/Task600_CTSpine1K/nnUNetTrainerV2_S6_D2_W16__nnUNetPlansv2.1/fold_0/validation_raw/summary.json,0.9365155166276076,0.9687809164815503,0.9574525335859327,0.960882081922392,0.9582149879492227,0.9503161421611968,0.9486134787879325,0.9552572777868914,0.9437760804553142,0.837599533730229,0.7589327271136243,0.5985765828310479,0.43730914144857735,0.4243351853969595,0.001269046913410571,0.0,0.0,,,,,,,,,,,
46,/Task600_CTSpine1K/nnUNetTrainerV2_S5_D3_W64__nnUNetPlansv2.1/fold_0/validation_raw/summary.json,0.9279584935168897,0.9691962202756758,0.9579232951138412,0.9589322884740322,0.9569401410393242,0.9522117559060265,0.9512584988819013,0.9542243265031303,0.9159818377699717,0.8352352152872374,0.7586741935762472,0.6038352524993688,0.42963614417450996,0.408427642924113,0.004239846497478013,0.0,0.0,,,,,,,,,,,
47,/Task600_CTSpine1K/nnUNetTrainerV2_S6_D3_W32__nnUNetPlansv2.1/fold_0/validation_raw/summary.json,0.944213376927825,0.96669637634101,0.9568790374366983,0.9566761321957328,0.9564104050387614,0.9497911342508824,0.9492033160216274,0.9492455107771363,0.9348861636115153,0.8453813936900022,0.7942857707010137,0.7058503109505178,0.5541476074168001,0.4760200851849003,0.010086831858993379,0.0,0.0,,,,,,,,,,,
48,/Task600_CTSpine1K/nnUNetTrainerV2_S6_D2_W32__nnUNetPlansv2.1/fold_0/validation_raw/summary.json,0.9336694386146007,0.969265541232805,0.9593398557463464,0.9572399483430514,0.9560454856657578,0.9521517286907651,0.9509060081262357,0.9575341041768058,0.9591098701969428,0.8660480979075188,0.7940300024805526,0.6636695179656567,0.5059694392872879,0.4663890392088535,0.005985015234551877,0.0,0.0,,,,,,,,,,,
49,/Task600_CTSpine1K/nnUNetTrainerV2_S4_D2_W64__nnUNetPlansv2.1/fold_0/validation_raw/summary.json,0.9386077038498356,0.969842742430739,0.9580775987388395,0.9569418805829419,0.950033558743916,0.9441120835176271,0.9390567270750116,0.8751800569654913,0.8230014473887441,0.7481980630849014,0.6671311803377706,0.5545846425287339,0.45820168204633854,0.4396789733296949,0.001052569938014644,0.0,0.0,,,,,,,,,,,
50,/Task600_CTSpine1K/UNETRTrainer3__nnUNetPlansv2.1/fold_0/validation_raw/summary.json,0.9008715341142136,0.9599958382849915,0.9465383160727365,0.949626833304732,0.9457777987484325,0.9359179265047527,0.9145125962623434,0.9049071688282526,0.8732882197435358,0.7644365627243068,0.6622988259968611,0.5058882583782881,0.400627622241034,0.3984685567599603,0.0,0.0,0.0,,,,,,,,,,,
51,/Task600_CTSpine1K/nnUNetTrainerV2_S6_D2_W64__nnUNetPlansv2.1/fold_0/validation_raw/summary.json,0.9309022874593106,0.9703140229927385,0.9587254924115861,0.956430898307932,0.9570424295131338,0.9521454593503046,0.9501624508578127,0.9565247751236606,0.953310574164239,0.8353138836990757,0.7773976646865116,0.6319743613895229,0.46015686468703276,0.42354491511214043,0.001669391560921743,0.0,0.0,,,,,,,,,,,
52,/Task600_CTSpine1K/nnUNetTrainerV2_S5_D2_W64__nnUNetPlansv2.1/fold_0/validation_raw/summary.json,0.9308721186399913,0.9690057064450617,0.9588640705851577,0.9575466364115792,0.9555500020599886,0.9508632280862935,0.9481841010993141,0.9426367632753285,0.8588914641078095,0.7816996771299358,0.6964908293787483,0.5573787023794029,0.44574302257618204,0.4130527935606429,0.009559582534929379,0.0,0.0,,,,,,,,,,,
53,/Task600_CTSpine1K/nnUNetTrainerV2_S5_D3_W32__nnUNetPlansv2.1/fold_0/validation_raw/summary.json,0.9402689829814621,0.9689977261190833,0.9573316301057656,0.9578302694344989,0.9568030263377938,0.9511439334471454,0.9500276055395901,0.9548451401106668,0.898384821597984,0.7984717147733503,0.7216983250639399,0.5792356393294836,0.4285387115088813,0.40999237922662607,0.0005891687217689741,0.0,0.0,,,,,,,,,,,
54,/Task600_CTSpine1K/nnUNetTrainerV2_S5_D2_W16__nnUNetPlansv2.1/fold_0/validation_raw/summary.json,0.9276545261476772,0.9699705804249453,0.9603939027572187,0.960351567423117,0.9562266424751787,0.9496357998025716,0.9458365685389334,0.9433026462377463,0.8728739754287009,0.7808914188569087,0.7083052796016996,0.5993781262757184,0.4507195763321158,0.43218200865315215,0.0030610090774751955,0.0,0.0,,,,,,,,,,,
55,/Task600_CTSpine1K/nnUNetTrainerV2_S5_D2_W32__nnUNetPlansv2.1/fold_0/validation_raw/summary.json,0.9335015196622166,0.9692948371121711,0.9615978858263393,0.959139798859278,0.9546520811559971,0.950610291216719,0.9455018394473624,0.9423464341306985,0.8648921920499285,0.8015647158477609,0.7232360366168683,0.5274925858936304,0.3930188030078902,0.4069757665930958,0.034075450321286026,0.0,0.0,,,,,,,,,,,
56,/Task556_FeTA2022_all/nnUNetTrainerV2_gammaV3_S5_D3_W64__nnUNetPlansv2.1/fold_1/validation_raw/summary.json,0.8223508153502305,0.759086425255863,0.908293810136648,0.8777716700805028,0.9018441930205091,0.8686187565900724,0.8480629217072062,,,,,,,,,,,,,,,,,,,,,
57,/Task556_FeTA2022_all/nnUNetTrainerV2_gammaV3_S5_D3_W64__nnUNetPlansv2.1/fold_2/validation_raw/summary.json,0.789970225766564,0.7423878920893917,0.9036537486540471,0.8778149599536921,0.8913039383355063,0.8516767607755563,0.8406400135165365,,,,,,,,,,,,,,,,,,,,,
58,/Task556_FeTA2022_all/nnUNetTrainerV2_gammaV3_S5_D3_W64__nnUNetPlansv2.1/fold_3/validation_raw/summary.json,0.7841755546324846,0.7460323076414467,0.9145397822817688,0.8739780783842485,0.8914470183878821,0.8398712933349545,0.8299108211329758,,,,,,,,,,,,,,,,,,,,,
59,/Task556_FeTA2022_all/nnUNetTrainerV2_gammaV3_S5_D3_W64__nnUNetPlansv2.1/fold_4/validation_raw/summary.json,0.838583562200531,0.7617900371629807,0.9183640983498741,0.8771199597103777,0.9083672637765238,0.8723555145983332,0.8363032426739224,,,,,,,,,,,,,,,,,,,,,
60,/Task556_FeTA2022_all/nnUNetTrainerV2_gammaV3_S5_D3_W64__nnUNetPlansv2.1/fold_0/validation_raw/summary.json,0.8239797522227419,0.763348098069898,0.9143747067303477,0.8745702464273538,0.8712426261231102,0.8697204152917632,0.8397991282446572,,,,,,,,,,,,,,,,,,,,,
61,/Task556_FeTA2022_all/BigResUNetTrainer2__nnUNetPlansv2.1/fold_5/validation_raw/summary.json,0.7926944301862896,0.7594106094425467,0.9111031658852621,0.8730315856131701,0.8935780646303174,0.8562598380973583,0.8400493756273787,,,,,,,,,,,,,,,,,,,,,
62,/Task556_FeTA2022_all/BigResUNetTrainer2__nnUNetPlansv2.1/fold_1/validation_raw/summary.json,0.8201696076186735,0.7560688163493615,0.9065144759505342,0.8769676004760548,0.9007276784616534,0.8676520738269206,0.8490663669076609,,,,,,,,,,,,,,,,,,,,,
63,/Task556_FeTA2022_all/BigResUNetTrainer2__nnUNetPlansv2.1/fold_2/validation_raw/summary.json,0.787383305752216,0.7419671432900485,0.9010380811020337,0.8763574180654162,0.8777162050921617,0.8532806967506827,0.8389978600775855,,,,,,,,,,,,,,,,,,,,,
64,/Task556_FeTA2022_all/BigResUNetTrainer2__nnUNetPlansv2.1/fold_3/validation_raw/summary.json,0.7809348555063839,0.7423774850912753,0.9126646577680452,0.8717287396191312,0.8894678377764694,0.8379793783254214,0.8298476616957209,,,,,,,,,,,,,,,,,,,,,
65,/Task556_FeTA2022_all/BigResUNetTrainer2__nnUNetPlansv2.1/fold_4/validation_raw/summary.json,0.8383802287836755,0.7587591531545513,0.9173476688401009,0.8735965270015486,0.9077968428650386,0.8716018617461702,0.832187882029808,,,,,,,,,,,,,,,,,,,,,
66,/Task556_FeTA2022_all/BigUNetTrainer2__nnUNetPlansv2.1/fold_0/validation_raw/summary.json,0.8267207274993339,0.7643039336037365,0.9143353711220091,0.8696283600162927,0.8555181240420584,0.8672316841090889,0.8364938262088654,,,,,,,,,,,,,,,,,,,,,
67,/Task511_ISLES_SPES/nnUNetTrainerV2_S6_D3_W64__nnUNetPlansv2.1/fold_1/validation_raw/summary.json,0.8517591373220751,,,,,,,,,,,,,,,,,,,,,,,,,,,
68,/Task511_ISLES_SPES/nnUNetTrainerV2_S6_D3_W64__nnUNetPlansv2.1/fold_2/validation_raw/summary.json,0.8634714019119336,,,,,,,,,,,,,,,,,,,,,,,,,,,
69,/Task511_ISLES_SPES/nnUNetTrainerV2_S6_D3_W64__nnUNetPlansv2.1/fold_4/validation_raw/summary.json,0.8784850303954341,,,,,,,,,,,,,,,,,,,,,,,,,,,
70,/Task511_ISLES_SPES/nnUNetTrainerV2_S6_D3_W64__nnUNetPlansv2.1/fold_0/validation_raw/summary.json,0.8671678476846548,,,,,,,,,,,,,,,,,,,,,,,,,,,
71,/Task511_ISLES_SPES/nnUNetTrainerV2_S4_D2_W32__nnUNetPlansv2.1/fold_4/validation_raw/summary.json,0.8754148129124973,,,,,,,,,,,,,,,,,,,,,,,,,,,
72,/Task511_ISLES_SPES/nnUNetTrainerV2_S4_D3_W32__nnUNetPlansv2.1/fold_3/validation_raw/summary.json,0.7707190743913954,,,,,,,,,,,,,,,,,,,,,,,,,,,
73,/Task511_ISLES_SPES/nnUNetTrainerV2_S6_D2_W16__nnUNetPlansv2.1/fold_1/validation_raw/summary.json,0.8556171057192056,,,,,,,,,,,,,,,,,,,,,,,,,,,
74,/Task511_ISLES_SPES/nnUNetTrainerV2_S6_D3_W32__nnUNetPlansv2.1/fold_0/validation_raw/summary.json,0.864862627236518,,,,,,,,,,,,,,,,,,,,,,,,,,,
75,/Task511_ISLES_SPES/nnUNetTrainerV2_S6_D2_W64__nnUNetPlansv2.1/fold_3/validation_raw/summary.json,0.7770010936417986,,,,,,,,,,,,,,,,,,,,,,,,,,,
76,/Task511_ISLES_SPES/nnUNetTrainerV2_S5_D3_W32__nnUNetPlansv2.1/fold_3/validation_raw/summary.json,0.7573386300396532,,,,,,,,,,,,,,,,,,,,,,,,,,,
77,/Task511_ISLES_SPES/ViTUNetTrainer__nnUNetPlansv2.1/fold_506/validation_raw/summary.json,0.7897897523809468,,,,,,,,,,,,,,,,,,,,,,,,,,,
78,/Task511_ISLES_SPES/ViTUNetTrainer__nnUNetPlansv2.1/fold_511/validation_raw/summary.json,0.8419891967291654,,,,,,,,,,,,,,,,,,,,,,,,,,,
79,/Task170_KiTS/nnUNetTrainerV2__nnUNetPlansv2.1/fold_0/validation_raw/summary.json,0.9718987813789339,0.8329419162204191,,,,,,,,,,,,,,,,,,,,,,,,,,
80,/Task102_AMOS22_Task2/nnUNetTrainerV2_S6_D3_W64__nnUNetPlansv2.1/fold_0/validation_raw/summary.json,0.97358802240313,0.9488551764546506,0.930333945530233,0.7924327451768927,0.8187073282137632,0.9751968321739243,0.8822370046470672,0.9492023481036376,0.9096729650178966,0.8538746323188064,0.7532029258866482,0.7893969830098336,0.7851825761400537,0.8868109233193641,0.856265215207675,,,,,,,,,,,,,
81,/Task102_AMOS22_Task2/nnUNetTrainerV2_S4_D2_W32__nnUNetPlansv2.1/fold_0/validation_raw/summary.json,0.9624504688954882,0.926600061120577,0.9132166652662419,0.7875494964753952,0.7680832710604667,0.9667863242229213,0.8286090578879182,0.9380769421645804,0.890133033322854,0.8185858668655676,0.7373338019485335,0.7612117450641285,0.7179594492988471,0.832917735316065,0.7716325177014826,,,,,,,,,,,,,
82,/Task102_AMOS22_Task2/nnUNetTrainerV2_S6_D3_W128__nnUNetPlansv2.1/fold_0/validation_raw/summary.json,0.9749422132438733,0.9502234106023436,0.9416933576731101,0.8035284766762295,0.823945331404014,0.9761385946462598,0.8778396080407722,0.9495815391460928,0.9130236347916488,0.8534621968712619,0.7574681746266506,0.7889997294545915,0.7860507922178325,0.8848044847579598,0.8636764700347495,,,,,,,,,,,,,
83,/Task102_AMOS22_Task2/ViTUNetTrainer_nonorm__nnUNetPlansv2.1/fold_0/validation_raw/summary.json,0.9664884968470329,0.9386755187240329,0.9389434116072528,0.7674706593653532,0.788985741559388,0.9700698007983015,0.8448550919535567,0.9378592103675806,0.899528418918394,0.8253094475544067,0.7141622449111763,0.7353181029501323,0.7387218671768782,0.8574029359879796,0.8179089602486681,,,,,,,,,,,,,
84,/Task102_AMOS22_Task2/nnSEUNetTrainerV2_S5_D3_W32_Last2_R__nnUNetPlansv2.1/fold_0/validation_raw/summary.json,0.9694354041469708,0.9514777144766263,0.9241658883198234,0.777539036114716,0.8060658095705112,0.9763774418983887,0.8825787385001004,0.9461878315992522,0.9092883973743154,0.8510040726916461,0.7504859335594481,0.7840636394968463,0.7787156157557428,0.8714869670831514,0.8281383208933424,,,,,,,,,,,,,
85,/Task102_AMOS22_Task2/nnUNetTrainerV2_amos_bs2_cutmix__nnUNetPlansv2.1/fold_0/validation_raw/summary.json,0.9744647514195829,0.9583604805034921,0.9282540856778324,0.7688965076407358,0.8179062189228162,0.9760457465539556,0.8740955386750432,0.9473230483317536,0.9091714578537383,0.8599114883856765,0.7529956790530686,0.7880328541141243,0.7954752840075495,0.8683387412416812,0.8345762680152546,,,,,,,,,,,,,
86,/Task102_AMOS22_Task2/nnSEUNetTrainerV2_S5_D3_W64_ESR_DNN__nnUNetPlansv2.1/fold_0/validation_raw/summary.json,0.9735125362857963,0.9528398626770782,0.9258957303459135,0.7936853684439472,0.8103800954362114,0.9743929820572728,0.8840783411055403,0.9493090883167001,0.912398957750869,0.8548648483967533,0.7553916820901653,0.7891691958978382,0.7902206142056931,0.893251192382746,0.8428580504118399,,,,,,,,,,,,,
87,/Task102_AMOS22_Task2/BigResUNetTrainer4__nnUNetPlansv2.1/fold_0/validation_raw/summary.json,0.9765423199859615,0.950912613711305,0.9291682700278914,0.8022623997797103,0.8056165235693887,0.9769616796334244,0.8894814887576344,0.9505293766921104,0.9136482578233333,0.8612963930454999,0.761167471854609,0.7867674280475768,0.8031237812591501,0.8974499767760455,0.8460920195084615,,,,,,,,,,,,,
88,/Task102_AMOS22_Task2/nnUNetTrainerV2_S4_D3_W32__nnUNetPlansv2.1/fold_0/validation_raw/summary.json,0.9676983161960372,0.9414885231019464,0.9230892202416463,0.7761624331032936,0.7877099023901097,0.9661455726315915,0.8504910324537959,0.9420079966663458,0.9006865386029993,0.8407106917459811,0.7380227579725546,0.7781754634555443,0.7441835485127782,0.8754654872303187,0.8038438242141438,,,,,,,,,,,,,
89,/Task102_AMOS22_Task2/nnSEUNetTrainerV2_S5_D3_W32_Last4_R__nnUNetPlansv2.1/fold_0/validation_raw/summary.json,0.972846051401401,0.9499877418935151,0.923547140289085,0.7872593282301978,0.8102512222319481,0.9748611938150983,0.8764327553221394,0.9453511131507469,0.9095086065330107,0.852679808507801,0.7529087325979251,0.7787939521530646,0.779292113126678,0.8865743400336424,0.8035680510814086,,,,,,,,,,,,,
90,/Task102_AMOS22_Task2/nnSEUNetTrainerV2_S5_D3_W32_Last5_R__nnUNetPlansv2.1/fold_0/validation_raw/summary.json,0.971144575180315,0.9512872827698852,0.9229796167513268,0.789989125449054,0.8092409177090661,0.9750863371778652,0.8748717800791509,0.9479307435790085,0.9090173268629599,0.8496911053598014,0.7441140737599555,0.7835364441394178,0.7821563159180193,0.8756958496726083,0.8293128745804506,,,,,,,,,,,,,
91,/Task102_AMOS22_Task2/BigUNetTrainer4__nnUNetPlansv2.1/fold_0/validation_raw/summary.json,0.9742523671513784,0.9512650468140383,0.9206854020591528,0.7791042573368161,0.8126654445136637,0.9768062081267063,0.8828071624845778,0.9495903330175309,0.9110600874719456,0.8572510525251311,0.7503354495158661,0.7880614248675896,0.7943300273037309,0.8857471111100887,0.8191099621068221,,,,,,,,,,,,,
92,/Task102_AMOS22_Task2/nnSEUNetTrainerV2_S5_D3_W32_Last2_NR__nnUNetPlansv2.1/fold_0/validation_raw/summary.json,0.9726341022390429,0.9506720371934727,0.9302011048018466,0.8090585016922553,0.8082672672782246,0.9760029507580138,0.8771526230108186,0.9482210028313501,0.9076597558110917,0.8522857366269214,0.7517835234991251,0.7768612982686846,0.7820304028340218,0.8702803303110678,0.8129808667624195,,,,,,,,,,,,,
93,/Task102_AMOS22_Task2/nnSEUNetTrainerV2_S5_D3_W64_ENN_DSR__nnUNetPlansv2.1/fold_0/validation_raw/summary.json,0.9758200418249744,0.9508854479048452,0.9289414038094465,0.7777602051438509,0.8111387415294636,0.9760345522602284,0.8795284283418368,0.9485323674131575,0.9115988673509987,0.8491772600659976,0.7514321377057609,0.7854835377264466,0.7848365476384312,0.8714595929983728,0.8513104554315252,,,,,,,,,,,,,
94,/Task102_AMOS22_Task2/nnUNetTrainerV2_S4_D3_W64__nnUNetPlansv2.1/fold_0/validation_raw/summary.json,0.9729791169538915,0.9434161200918223,0.9227130758577079,0.790644338434874,0.7856738551393736,0.9725600831089768,0.8692313205065564,0.9459336306676401,0.9079401126796723,0.8410481366065122,0.7481130331746043,0.7905218918321659,0.7624610108870268,0.8581252258055139,0.8244774837350104,,,,,,,,,,,,,
95,/Task102_AMOS22_Task2/nnUNetTrainerV2_amos_mm_heavyDA_gamma__nnUNetPlansv2.1/fold_0/validation_raw/summary.json,0.9759647922708812,0.9498246335827973,0.9251551435554145,0.8249333422846784,0.8192381972912566,0.9698201220911159,0.8785276721996258,0.9498514005459651,0.9111778348797728,0.8532865099807151,0.7581683724001745,0.7862800517860496,0.7874736133063243,0.8896772386937385,0.8697929143096669,,,,,,,,,,,,,
96,/Task102_AMOS22_Task2/nnUNetTrainerV2_S4_D2_W16__nnUNetPlansv2.1/fold_0/validation_raw/summary.json,0.9389742535032749,0.9163169984520895,0.9046137178100672,0.7245226364587889,0.7366628764821178,0.9548342203447188,0.7951181493713998,0.9250818565992699,0.8648092409293154,0.786239066897763,0.7176633920170362,0.7178578736666398,0.6682573043912906,0.7852518914807114,0.708674770452152,,,,,,,,,,,,,
97,/Task102_AMOS22_Task2/nnSEUNetTrainerV2_S5_D3_W32_Last3_R__nnUNetPlansv2.1/fold_0/validation_raw/summary.json,0.9727371250702443,0.9494875715797623,0.9176981491379556,0.7969557382631077,0.8122968835689672,0.9731648002846888,0.8784037813494153,0.946622758453524,0.9086112025246517,0.8531467693809184,0.7453623906097451,0.7824898086597072,0.7852206001276775,0.8903267833883847,0.8171426749164679,,,,,,,,,,,,,
98,/Task102_AMOS22_Task2/BigResUNetTrainer1_ft2__nnUNetPlansv2.1/fold_0/validation_raw/summary.json,0.9215206266829562,0.9095045521281563,0.8948182328786173,0.627805077737594,0.5340371255647812,0.9514627036281418,0.7542001222742994,0.8937311554672567,0.8332398530156087,0.779493364086413,0.0,0.0,0.6018001741229105,0.7028325742374881,0.5991126675114291,,,,,,,,,,,,,
99,/Task102_AMOS22_Task2/nnUNetTrainerV2_amos_mm_gammav3_bn_ema1__nnUNetPlansv2.1/fold_2/validation_raw/summary.json,0.9737153542953244,0.9573421031662585,0.9400108919707403,0.8884975694565277,0.8264167953142237,0.9750716923895285,0.9187677505390889,0.9536176664351809,0.9087715020628538,0.8709825706905269,0.7953334313687791,0.7863169736524153,0.8328282717603833,0.8936802522322355,0.8400282497105397,,,,,,,,,,,,,
100,/Task102_AMOS22_Task2/nnUNetTrainerV2_amos_mm_gammav3_bn_ema1__nnUNetPlansv2.1/fold_3/validation_raw/summary.json,0.9728894279594972,0.9599409257274415,0.9564807912945588,0.8594719983289704,0.8083087311265093,0.9765208151336804,0.8838289090574479,0.9476972441799569,0.912587890535899,0.8607224628187767,0.7779829503669061,0.7622135946113081,0.7920098038277225,0.8919649415095791,0.8649417846954132,,,,,,,,,,,,,
101,/Task102_AMOS22_Task2/nnUNetTrainerV2_amos_mm_gammav3_bn_ema1__nnUNetPlansv2.1/fold_0/validation_raw/summary.json,0.9757639841623424,0.9473833772554667,0.9270441276406104,0.8321114092513743,0.8193266777276706,0.9670059875081787,0.8717385282865626,0.9492247678685048,0.91159541679195,0.833422222963638,0.7571297205544164,0.7786937547893752,0.7803255747719128,0.8656829147898483,0.8249235328190997,,,,,,,,,,,,,
102,/Task102_AMOS22_Task2/nnSEUNetTrainerV2_S5_D3_W32_Last1_R__nnUNetPlansv2.1/fold_0/validation_raw/summary.json,0.9723967413188691,0.9498407948319013,0.9207457442784315,0.7916159412439322,0.8069449290737606,0.9745795317376897,0.8781627898359597,0.9474964398985882,0.9083002699207693,0.847009999309595,0.7468831932150698,0.7750634738949005,0.7774295154988571,0.890876674043544,0.8024356113394796,,,,,,,,,,,,,
103,/Task102_AMOS22_Task2/nnUNetTrainerV2_amos_mm_heavyDA_gammav4__nnUNetPlansv2.1/fold_0/validation_raw/summary.json,0.9746253757936566,0.9540749315651563,0.9268886884637776,0.8080975485084744,0.8196982588904644,0.9777753688677461,0.8850117974767303,0.9494982019263974,0.9122774097781171,0.8519707013584367,0.7560196313806485,0.7811786833951322,0.7880664570350259,0.875703039283299,0.8317596296472448,,,,,,,,,,,,,
104,/Task102_AMOS22_Task2/nnUNetTrainerV2_amos_mm_heavyDA_gammav3__nnUNetPlansv2.1/fold_1/validation_raw/summary.json,0.9472414501893676,0.9546818838451934,0.9457118862358852,0.7903277391196464,0.8267051853295251,0.9719861478747243,0.913075331006227,0.9505612360310338,0.8954948206767498,0.8533739214042514,0.7519477805572287,0.7497888829463907,0.8218263566017242,0.9032570827495899,0.8683869644116416,,,,,,,,,,,,,
105,/Task102_AMOS22_Task2/nnUNetTrainerV2_amos_mm_heavyDA_gammav3__nnUNetPlansv2.1/fold_2/validation_raw/summary.json,0.9740850720784634,0.9577290914933689,0.9432729052161415,0.9153357321039067,0.8298692870075032,0.9752400280965405,0.9374766232651399,0.9529015918192769,0.9141118597915208,0.8697335470988546,0.7949354316429291,0.7934847328083704,0.8246640158053934,0.8935730330188005,0.8445557321541353,,,,,,,,,,,,,
106,/Task102_AMOS22_Task2/nnUNetTrainerV2_amos_mm_heavyDA_gammav3__nnUNetPlansv2.1/fold_3/validation_raw/summary.json,0.9687889334092059,0.9643938552372847,0.96454859739009,0.8876561972882142,0.8130594202291844,0.979646496722311,0.8908706537624863,0.9476762693638254,0.9149608880752641,0.871262162567981,0.7801616274368636,0.775980953602717,0.8048221415565256,0.8929702701759051,0.8520881365194422,,,,,,,,,,,,,
107,/Task102_AMOS22_Task2/nnUNetTrainerV2_amos_mm_heavyDA_gammav3__nnUNetPlansv2.1/fold_0/validation_raw/summary.json,0.9746115012260969,0.9552020669066906,0.9261133265309498,0.8092243107617251,0.8128646692362729,0.9770662997501032,0.8757081472402412,0.9489477569061583,0.914685795172497,0.8531582461047522,0.7564889890264483,0.7824439421387126,0.7864059294591135,0.8930070975819346,0.8568349300394974,,,,,,,,,,,,,
108,/Task102_AMOS22_Task2/nnSEUNetTrainerV2_S5_D3_W64_ESN_DNN__nnUNetPlansv2.1/fold_0/validation_raw/summary.json,0.975229650801917,0.9526594986221385,0.9330180504975756,0.7940254223260004,0.8098386850890514,0.9769274436571261,0.874859605600102,0.9479170950559027,0.9099962800502404,0.8531749472326409,0.7518818420670502,0.7844916930558107,0.7921083324341195,0.8673155185963892,0.8505992403062574,,,,,,,,,,,,,
109,/Task102_AMOS22_Task2/BigResUNetTrainer3__nnUNetPlansv2.1/fold_0/validation_raw/summary.json,0.9758736116034169,0.9542527957586313,0.9230630561404752,0.7690927570373162,0.814929926965068,0.9747736984788148,0.8825860025377663,0.9477324020718892,0.9120774481212729,0.8582181490602191,0.7542662873369216,0.785312278149921,0.8026554689166158,0.8768121192524823,0.8364057011893357,,,,,,,,,,,,,
110,/Task102_AMOS22_Task2/BigResUNetTrainer1__nnUNetPlansv2.1/fold_0/validation_raw/summary.json,0.9760620212924391,0.951078434243823,0.9336018189689672,0.8079216983009381,0.8091887918857488,0.970526701065122,0.8825555168811036,0.9509231936361937,0.9145689204709648,0.8562966041931704,0.7580383234044371,0.7868800925519301,0.7910189727697418,0.8771411599723221,0.839057454363803,,,,,,,,,,,,,
111,/Task102_AMOS22_Task2/nnSEUNetTrainerV2_S5_D3_W64_ESR_DSN__nnUNetPlansv2.1/fold_0/validation_raw/summary.json,0.9723382039719407,0.9513251253701752,0.9384573060312448,0.772372754386503,0.8130449930654873,0.9727616462521643,0.8724092247847529,0.9498107447091652,0.9123927926109109,0.8551574781757053,0.752919696605407,0.7860365465380764,0.7919736413632993,0.8926801677409879,0.8428293237302196,,,,,,,,,,,,,
112,/Task102_AMOS22_Task2/ViTUNetTrainer_large__nnUNetPlansv2.1/fold_0/validation_raw/summary.json,0.9685147745687622,0.9310022188481675,0.9183744574212298,0.7597674506936593,0.7911730529585039,0.9716346749349613,0.8554440363669062,0.9403636041688035,0.8993554131176724,0.8253908513090634,0.7278213668951649,0.7443885247354546,0.7580684447313838,0.8666023416462312,0.797597963998983,,,,,,,,,,,,,
113,/Task102_AMOS22_Task2/nnUNetTrainerV2_S6_D2_W16__nnUNetPlansv2.1/fold_0/validation_raw/summary.json,0.9699547555158013,0.9448574374830251,0.9397065555043449,0.7887031082199836,0.8062575706031986,0.9740426069983039,0.8735976985918366,0.9450691409574122,0.9040995295944757,0.8416846802218391,0.7401772103943914,0.766234492789931,0.7689616362812065,0.8534503102073406,0.8086625381691639,,,,,,,,,,,,,
114,/Task102_AMOS22_Task2/nnSEUNetTrainerV2_S5_D3_W64_ESN_DSR__nnUNetPlansv2.1/fold_0/validation_raw/summary.json,0.9749517687628808,0.9512249853283654,0.9193228826736807,0.7903220174195825,0.8162261551191353,0.9760478613801884,0.880750607254198,0.9482811558652585,0.9102445057036785,0.8557430933414163,0.7546953396760637,0.7871393344844254,0.7906774631312338,0.8893042668610185,0.8280833438166751,,,,,,,,,,,,,
115,/Task102_AMOS22_Task2/nnSEUNetTrainerV2_S5_D3_W32_Last4_NR__nnUNetPlansv2.1/fold_0/validation_raw/summary.json,0.9739954577338074,0.9504167793544457,0.9249743854336985,0.8044551711728295,0.8089427978501957,0.9751729392487173,0.8779760786770942,0.9473990825576962,0.908216681982612,0.8462362331221839,0.7491624874661561,0.7778379068894421,0.7769544939086092,0.8659121303099017,0.8105553170739626,,,,,,,,,,,,,
116,/Task102_AMOS22_Task2/nnContextUNetTrainerV2_S5_D3_W64_EGR_DGN__nnUNetPlansv2.1/fold_0/validation_raw/summary.json,0.9731681805152421,0.948697804824782,0.9221782283552932,0.7737325693369052,0.8141396943367988,0.9754637495355579,0.8762651612863982,0.9479305747581995,0.912809141001885,0.8571374300137952,0.7572322494347082,0.789850575436473,0.779838976476572,0.8854517614484392,0.824827606119764,,,,,,,,,,,,,
117,/Task102_AMOS22_Task2/nnUNetTrainerV2_S5_D3_W64__nnUNetPlansv2.1/fold_0/validation_raw/summary.json,0.9750367182215207,0.9532559089748461,0.9214805803425313,0.7736164377143092,0.8143534452227259,0.9760239089495489,0.8809712985471171,0.9485414609621841,0.9106730182662678,0.8518438067524494,0.753160632899046,0.7854652031601566,0.7914457962306907,0.8755663611848735,0.8294779032655416,,,,,,,,,,,,,
118,/Task102_AMOS22_Task2/BigResUNetTrainer1_ft4__nnUNetPlansv2.1/fold_0/validation_raw/summary.json,0.9695223335271042,0.9552089035772177,0.9256811640249785,0.785003864689124,0.8045756508407909,0.9709094750093792,0.875221714094153,0.9488560913421216,0.9086186730895278,0.8579797245329698,0.7523511977654813,0.7819981089278715,0.7854322575357644,0.8906765439073675,0.8185258430875039,,,,,,,,,,,,,
119,/Task102_AMOS22_Task2/BigResUNetTrainer1_gamma_bs6_bn__nnUNetPlansv2.1/fold_1/validation_raw/summary.json,0.9484254102762621,0.96003378697648,0.9482347658099509,0.7958970097890542,0.8246460590614969,0.9741706404999239,0.9159358355841904,0.9544186505718312,0.8998131591412131,0.8558785677009294,0.7500966388439485,0.7465650775036851,0.8292521979405655,0.9094948138118705,0.8583107079619382,,,,,,,,,,,,,
120,/Task102_AMOS22_Task2/nnUNetTrainerV2_amos_mm_heavyDA_bright__nnUNetPlansv2.1/fold_0/validation_raw/summary.json,0.9759657026958033,0.951611271443347,0.9349874773999721,0.8033843279509912,0.8182613299219686,0.9691231059526997,0.8761054731957659,0.9500775686097027,0.9116456250803763,0.8536916639163389,0.7503325410749812,0.7845738424182951,0.7892001970625492,0.8682532849837162,0.8670689885551406,,,,,,,,,,,,,
121,/Task102_AMOS22_Task2/nnUNetTrainerV2_S6_D3_W32__nnUNetPlansv2.1/fold_0/validation_raw/summary.json,0.9712740738894597,0.9479317599132718,0.9268079523792334,0.7921329773805379,0.8146901855240417,0.9762261440003837,0.8781262663662185,0.9481227998087149,0.9078427141699255,0.8493989661633328,0.7490582706969374,0.7825452001133799,0.7857391450815983,0.8492716672894686,0.831774028818918,,,,,,,,,,,,,
122,/Task102_AMOS22_Task2/nnUNetTrainerV2_S6_D2_W32__nnUNetPlansv2.1/fold_0/validation_raw/summary.json,0.9719713540278231,0.9457743917732445,0.9405376741152959,0.7904593590347717,0.804916674008091,0.9764725534209635,0.8815237448482073,0.9455608492538846,0.9104200146495994,0.8523884849752618,0.7522598490157623,0.7770558785228033,0.7883904522720862,0.8662403075274427,0.8185425257374369,,,,,,,,,,,,,
123,/Task102_AMOS22_Task2/nnUNetTrainerV2_S4_D2_W64__nnUNetPlansv2.1/fold_0/validation_raw/summary.json,0.9682550580697953,0.9304040644947507,0.9195277039242208,0.7649767485896862,0.7727125330054451,0.9710053058545034,0.8467714465628376,0.9407076753437593,0.8996499724439512,0.8269772264340879,0.7420883711913245,0.7801188197300645,0.7313422558642199,0.8642281774597469,0.7992234356325011,,,,,,,,,,,,,
124,/Task102_AMOS22_Task2/UNETRTrainer3__nnUNetPlansv2.1/fold_0/validation_raw/summary.json,0.9524163599727159,0.9331501543981897,0.9115087331986883,0.7324078913526124,0.76187425327528,0.9608133043428068,0.8219159023821293,0.9361323483871516,0.894996276701128,0.8133289133238043,0.7350161513486295,0.7440213144078655,0.7294124706143116,0.8363930499182805,0.7878009155665081,,,,,,,,,,,,,
125,/Task102_AMOS22_Task2/nnUNetTrainerV2_S6_D2_W64__nnUNetPlansv2.1/fold_0/validation_raw/summary.json,0.9739472152811489,0.9451912835635231,0.9241753888684388,0.7722368695800211,0.8071350500102529,0.9764077434728059,0.8776159890128524,0.9480593257275736,0.9118436670759396,0.8528173397990879,0.7526276126453478,0.7833467518992818,0.7837296241248223,0.870002689605551,0.8405002824797478,,,,,,,,,,,,,
126,/Task102_AMOS22_Task2/nnUNetTrainerV2_S5_D2_W64__nnUNetPlansv2.1/fold_0/validation_raw/summary.json,0.9731127137471526,0.9439270729456609,0.9214038591290249,0.7698143565633787,0.7958673477775647,0.974631188920943,0.8708967428079758,0.9475115130938544,0.9119138254304285,0.8436847501016308,0.7514234946109172,0.7869189672168516,0.7777128690695122,0.8687842624202377,0.8414927312136694,,,,,,,,,,,,,
127,/Task102_AMOS22_Task2/nnUNetTrainerV2_S5_D3_W32__nnUNetPlansv2.1/fold_0/validation_raw/summary.json,0.9735474765537502,0.9471956623502139,0.9230542113354563,0.793180669614614,0.8046744283389327,0.9761052115759203,0.875316289154268,0.9477640665786647,0.9083951252882049,0.8553641846861585,0.7497228323691695,0.7853531832195865,0.7857006491033603,0.8665856919851429,0.8261824954009915,,,,,,,,,,,,,
128,/Task102_AMOS22_Task2/nnUNetTrainerV2_amos_mm_cutmix__nnUNetPlansv2.1/fold_0/validation_raw/summary.json,0.9759511107261428,0.9492013889081502,0.9274142373735499,0.8092342537528311,0.8201097245665242,0.9730794406114313,0.8808407977778004,0.9502630419224105,0.9109317180456102,0.8515981804292377,0.757607463313148,0.783108047597822,0.7825448727554898,0.8866441088698407,0.853762994726812,,,,,,,,,,,,,
129,/Task102_AMOS22_Task2/nnUNetTrainerV2_amos_mm_heavyDA__nnUNetPlansv2.1/fold_0/validation_raw/summary.json,0.975908171239429,0.9523735398762648,0.937446557433837,0.7888655517963844,0.820701362083431,0.96841774889242,0.8790094895421694,0.949300422722406,0.9113353679831606,0.8523066969744448,0.7547969742656176,0.7861897602161272,0.7901894457792064,0.8694975036424502,0.8747206624070575,,,,,,,,,,,,,
130,/Task102_AMOS22_Task2/nnUNetTrainerV2_amos_mm_gammav3_bn__nnUNetPlansv2.1/fold_1/validation_raw/summary.json,0.968981968537294,0.9542576886920197,0.9443804312523416,0.7984691171549997,0.8241479670393707,0.9692758088763562,0.9035858965538314,0.9528107122919666,0.8987780788913797,0.8501741395048974,0.7491474358039513,0.7407877609268901,0.8170330547681376,0.9068813103256398,0.8433374180632651,,,,,,,,,,,,,
131,/Task102_AMOS22_Task2/nnUNetTrainerV2_amos_mm_gammav3_bn__nnUNetPlansv2.1/fold_3/validation_raw/summary.json,0.9738561808881373,0.9647250055792406,0.9661868948026424,0.8528557925699622,0.8035783026829266,0.9740191090960778,0.8810979809020663,0.9483102721529141,0.9129057419333426,0.8583110765939085,0.7763048377858418,0.772741942563604,0.8028841288674515,0.8947592647642679,0.8679495849479076,,,,,,,,,,,,,
132,/Task102_AMOS22_Task2/nnUNetTrainerV2_amos_mm_gammav3_bn__nnUNetPlansv2.1/fold_4/validation_raw/summary.json,0.9754728753260272,0.9676307765322051,0.9698596933924387,0.8927987535115243,0.8371162863276116,0.9809621332698472,0.9304874220798842,0.9552484364997511,0.9104779901662181,0.8842168269598122,0.7650611996167643,0.778165203910992,0.8255468020163091,0.9178039780349733,0.8716341931206568,,,,,,,,,,,,,
133,/Task102_AMOS22_Task2/nnUNetTrainerV2_amos_mm_heavyDA_rotate__nnUNetPlansv2.1/fold_0/validation_raw/summary.json,0.9758188620768764,0.953455857507216,0.9328479318625975,0.808226672755643,0.8247232859533117,0.9683544414525157,0.8797304968734867,0.9490065861304281,0.9117553621573595,0.8525092702847492,0.7571158521223921,0.7844980962912805,0.7904662294318308,0.8713867811202893,0.8541008183919494,,,,,,,,,,,,,
134,/Task102_AMOS22_Task2/nnUNetTrainerV2_S5_D2_W16__nnUNetPlansv2.1/fold_0/validation_raw/summary.json,0.966625432065117,0.9432410842043755,0.9194869413930634,0.7608088480220466,0.7949622479924464,0.9711501199659106,0.8622672891550529,0.938138203934925,0.9040160440820726,0.8406310224726982,0.7383940279803126,0.7708525192646553,0.7584871121501472,0.8737987811818686,0.8099676327460047,,,,,,,,,,,,,
135,/Task102_AMOS22_Task2/nnSEUNetTrainerV2_S5_D3_W64_ENN_DSN__nnUNetPlansv2.1/fold_0/validation_raw/summary.json,0.9756836893744162,0.9530578270470488,0.9253048044356595,0.7976989022323677,0.8095506231788906,0.9766038319608678,0.8804059778497154,0.9473395228090009,0.9104643667851984,0.8520502838454083,0.7543164475973679,0.788239221073729,0.7912856151836456,0.8947217428131827,0.8160135907079421,,,,,,,,,,,,,
136,/Task102_AMOS22_Task2/nnUNetTrainerV2_amos_mm_gammav3_bn_ema3__nnUNetPlansv2.1/fold_1/validation_raw/summary.json,0.8883404990011462,0.8913127020371462,0.9024670184616624,0.7507296637378821,0.7750390416487777,0.9499429475357483,0.8498915785905109,0.9187160075280945,0.8548108511836295,0.7983244470957334,0.671474847357779,0.6890779834138657,0.7243781519255134,0.7356612348864204,0.6995895885473141,,,,,,,,,,,,,
137,/Task102_AMOS22_Task2/nnUNetTrainerV2_amos_mm_gammav3_bn_ema3__nnUNetPlansv2.1/fold_2/validation_raw/summary.json,0.9424704819252813,0.9406978221883828,0.9003901790631245,0.8335500366089615,0.7653781333144855,0.9524143113606689,0.848391245353667,0.9297310236142927,0.8664211573781057,0.7939808952376279,0.7292502382356112,0.728446194783996,0.7449181289498341,0.8153385009749985,0.7065837528264604,,,,,,,,,,,,,
138,/Task102_AMOS22_Task2/nnUNetTrainerV2_amos_mm_gammav3_bn_ema3__nnUNetPlansv2.1/fold_0/validation_raw/summary.json,0.94482047085249,0.9187396296806938,0.9192715541302787,0.7293320790174261,0.7338469300077765,0.9487942853656705,0.8156938235287351,0.9204125142497936,0.8617982527225155,0.80585698546811,0.6771278471619171,0.7141853597205486,0.6997018119612212,0.7997719105366108,0.7066428138086803,,,,,,,,,,,,,
139,/Task102_AMOS22_Task2/nnSEUNetTrainerV2_S5_D3_W32_Last3_NR__nnUNetPlansv2.1/fold_0/validation_raw/summary.json,0.9713166406828759,0.9500516599008586,0.9268223855178439,0.7897738503299709,0.8094476709144512,0.9765467188869795,0.8811206222680384,0.9456007863701483,0.9090479483050434,0.8543476689389898,0.7485549668047806,0.7760384254055915,0.7786490254193966,0.8905454113594704,0.8226442140616165,,,,,,,,,,,,,
140,/Task102_AMOS22_Task2/BigResUNetTrainer1_ft1__nnUNetPlansv2.1/fold_0/validation_raw/summary.json,0.855688455944041,0.8768407766364475,0.8618702876839617,0.09384539091882269,0.0,0.9330172860473724,0.6321085576197204,0.8409506326501107,0.7110033417654066,0.7131484959258122,0.0,0.0,0.3358830345700519,0.5195504245589286,0.0436868096319856,,,,,,,,,,,,,
141,/Task102_AMOS22_Task2/nnSEUNetTrainerV2_S5_D3_W64_ESN_DSN__nnUNetPlansv2.1/fold_0/validation_raw/summary.json,0.9751090449774802,0.9497037084027085,0.9229772931048806,0.7766655235458163,0.814158121221197,0.9772360675780206,0.8784252992792995,0.9479705391683214,0.9112019255148386,0.8541331592065485,0.7548390547847051,0.7817400839536711,0.7842556467542878,0.8713549103231271,0.8330917121652166,,,,,,,,,,,,,
142,/Task102_AMOS22_Task2/BigResUNetTrainer1_ft3__nnUNetPlansv2.1/fold_0/validation_raw/summary.json,0.9652349941222439,0.9467697481917984,0.9209330202582916,0.7922401559771545,0.8044658010291665,0.9709081618975365,0.8652935824956115,0.9419569483918568,0.9052787988627138,0.8501592860895272,0.7369348346722481,0.7751055055688845,0.7669930083970525,0.8592214203526115,0.824105044280857,,,,,,,,,,,,,
143,/Task102_AMOS22_Task2/nnUNetTrainerV2_S5_D2_W32__nnUNetPlansv2.1/fold_0/validation_raw/summary.json,0.9712903143258371,0.9387333097089182,0.9185497903785281,0.7884711525556286,0.8084245824420949,0.9718969113845373,0.8751813635110871,0.945783686848797,0.9093733435574235,0.8496809332171877,0.7464723211692821,0.7827467017984059,0.774019196123168,0.8883711442075117,0.8407783648414029,,,,,,,,,,,,,
144,/Task102_AMOS22_Task2/nnUNetTrainerV2_amos_mm_gammav3_bn_ema2__nnUNetPlansv2.1/fold_1/validation_raw/summary.json,0.8583060978473264,0.9077766918485831,0.9152490109701154,0.7402959657948464,0.7376888051880793,0.943140871856658,0.8494311011396577,0.9182091775541542,0.8610179358911466,0.7998224796892487,0.6750278348442359,0.6938500702249605,0.7301332916975524,0.7937885437303841,0.7558018181275051,,,,,,,,,,,,,
145,/Task102_AMOS22_Task2/nnUNetTrainerV2_amos_mm_gammav3_bn_ema2__nnUNetPlansv2.1/fold_0/validation_raw/summary.json,0.948806176489648,0.9179289076595776,0.925874102573168,0.7369635317548945,0.7246901206364859,0.9400854984994504,0.7973436785956453,0.9039610021085279,0.8500158528224812,0.8017927567569859,0.6460325984175593,0.7070710046818943,0.7032520461184246,0.7710878981846875,0.6649916976595635,,,,,,,,,,,,,
146,/Task102_AMOS22_Task2/ViTUNetTrainer_huge__nnUNetPlansv2.1/fold_0/validation_raw/summary.json,0.9673771822585948,0.9328497191668544,0.9265580685531353,0.8006384060211846,0.7971450318746869,0.9686570476659632,0.843809582667944,0.9402523117804504,0.8992783719196243,0.8233703246386851,0.7285500414413405,0.7474372483444625,0.7533407555113664,0.866773246028676,0.8143519837369899,,,,,,,,,,,,,
147,/Task102_AMOS22_Task2/nnContextUNetTrainerV2_S5_D3_W64_EGN_DGR__nnUNetPlansv2.1/fold_0/validation_raw/summary.json,0.973611936104629,0.9546695772876479,0.9286579437748675,0.7955182155099078,0.8148340631060461,0.9762188801309301,0.8794728035005668,0.9477753306045446,0.9093389088420722,0.8524393044094557,0.7505046835824146,0.787498922733211,0.7910267766654592,0.8733921529801311,0.8481984873101922,,,,,,,,,,,,,
148,/Task102_AMOS22_Task2/nnUNetTrainerV2_amos_mm_heavyDA_gammav2__nnUNetPlansv2.1/fold_0/validation_raw/summary.json,0.9768471529073702,0.9531179032219453,0.9252169610870654,0.8076830296446932,0.8188205920094663,0.9764488364977147,0.879129151767312,0.9504899871334324,0.914944466647244,0.8554993327457076,0.7517778469164503,0.7850290156825518,0.7862512440880854,0.8741814713933325,0.8325391507781275,,,,,,,,,,,,,
149,/Task102_AMOS22_Task2/ViTUNetTrainer__nnUNetPlansv2.1/fold_0/validation_raw/summary.json,0.9671341599177543,0.9335478289264522,0.9342117882544615,0.7353788088262995,0.7837167907601038,0.9727582018853737,0.8710160633275704,0.9358005459745451,0.8968630132472158,0.8283697592618874,0.7197465794512873,0.7369206841725068,0.755481353881481,0.8625855658453978,0.8132504053766577,,,,,,,,,,,,,
150,/Task102_AMOS22_Task2/nnUNetTrainerV2_amos_mm__nnUNetPlansv2.1/fold_0/validation_raw/summary.json,0.9752722880250574,0.9555274308149645,0.9240752884887264,0.7698852032549356,0.8142807812387329,0.9756651236907219,0.8824539428287679,0.9503235824994682,0.9135331931356908,0.8493484382445277,0.752870343322925,0.7850443186309882,0.7905289098777759,0.8949479975678678,0.8537287093633019,,,,,,,,,,,,,
151,/Task102_AMOS22_Task2/nnSEUNetTrainerV2_S5_D3_W32_Last1_NR__nnUNetPlansv2.1/fold_0/validation_raw/summary.json,0.9736908675346551,0.9490551738832785,0.9266546067324589,0.7742452276505799,0.8041438442789209,0.9761387938978997,0.8781723827984189,0.9466189043920484,0.9097424229794747,0.8538952757644552,0.7479167268520239,0.7786315900598272,0.781830122303958,0.8638891858670468,0.8096941228839598,,,,,,,,,,,,,
152,/Task102_AMOS22_Task2/BigResUNetTrainer2__nnUNetPlansv2.1/fold_0/validation_raw/summary.json,0.9749232077590877,0.9506228306221963,0.9404574542443888,0.8061725416993694,0.8197232567733574,0.9741643689125477,0.8836103563221266,0.9484710490382815,0.9136569469815035,0.8597611825684434,0.7525937588583579,0.7843581795912327,0.7968874363367172,0.8762272518500458,0.8271452031185379,,,,,,,,,,,,,
153,/Task102_AMOS22_Task2/nnSEUNetTrainerV2_S5_D3_W32_Last5_NR__nnUNetPlansv2.1/fold_0/validation_raw/summary.json,0.9710278754146281,0.9498494133644207,0.9223074853878451,0.7879810811808735,0.8079037770025611,0.9766814112455814,0.8795273030184855,0.9466141899657629,0.9081752988015518,0.8507180070647511,0.7530305580407249,0.7843215183134215,0.7820965294507397,0.8690835372666369,0.8064527879886092,,,,,,,,,,,,,
154,/Task102_AMOS22_Task2/BigUNetTrainer1__nnUNetPlansv2.1/fold_0/validation_raw/summary.json,0.9721813806170974,0.9470987653723614,0.9220791620570624,0.796554930721335,0.8096521736181548,0.977341022767732,0.881874539412039,0.9479999431274345,0.9088736923670458,0.8547560784877833,0.7501601140509915,0.7836142723854409,0.7929214378586981,0.8916284597642924,0.8134272009534398,,,,,,,,,,,,,
155,/Task102_AMOS22_Task2/BigUNetTrainer2__nnUNetPlansv2.1/fold_0/validation_raw/summary.json,0.9715968373261362,0.949971829331843,0.9258241533624183,0.8136302293511539,0.8126832673159962,0.9756416002803417,0.8846289215563189,0.9461679953293247,0.9060970139288983,0.8492091410229731,0.7487873329436487,0.7863454825291747,0.7786396040470048,0.8820967349538914,0.8438218795244392,,,,,,,,,,,,,
156,/Task102_AMOS22_Task2/nnUNetTrainerV2_amos_bs6__nnUNetPlansv2.1/fold_0/validation_raw/summary.json,0.9738117375084571,0.9514076617405279,0.9232683734551346,0.8075226487498022,0.8209332609857524,0.9761509132290275,0.8826567369763448,0.9495611254203723,0.9137547374522507,0.8495847323563984,0.754258535563347,0.7788406482788653,0.787543284048113,0.874917146201935,0.8536371860618862,,,,,,,,,,,,,
157,/Task506_ISLES22_new/nnUNetTrainerV2_S6_D3_W64__nnUNetPlansv2.1/fold_0/validation_raw/summary.json,0.7843614264402463,,,,,,,,,,,,,,,,,,,,,,,,,,,
158,/Task506_ISLES22_new/nnUNetTrainerV2_S4_D3_W32__nnUNetPlansv2.1/fold_0/validation_raw/summary.json,0.7836153921722876,,,,,,,,,,,,,,,,,,,,,,,,,,,
159,/Task506_ISLES22_new/nnUNetTrainerV2_S6_D2_W16__nnUNetPlansv2.1/fold_0/validation_raw/summary.json,0.7821674593895657,,,,,,,,,,,,,,,,,,,,,,,,,,,
160,/Task506_ISLES22_new/nnUNetTrainerV2_S5_D3_W64__nnUNetPlansv2.1/fold_0/validation_raw/summary.json,0.7766380206008133,,,,,,,,,,,,,,,,,,,,,,,,,,,
161,/Task506_ISLES22_new/nnUNetTrainerV2_S6_D3_W32__nnUNetPlansv2.1/fold_0/validation_raw/summary.json,0.775988901624168,,,,,,,,,,,,,,,,,,,,,,,,,,,
162,/Task506_ISLES22_new/nnUNetTrainerV2_S6_D2_W32__nnUNetPlansv2.1/fold_0/validation_raw/summary.json,0.7689983128706974,,,,,,,,,,,,,,,,,,,,,,,,,,,
163,/Task506_ISLES22_new/nnUNetTrainerV2_S4_D2_W64__nnUNetPlansv2.1/fold_0/validation_raw/summary.json,0.772895422801561,,,,,,,,,,,,,,,,,,,,,,,,,,,
164,/Task506_ISLES22_new/UNETRTrainer3__nnUNetPlansv2.1/fold_0/validation_raw/summary.json,0.6915721963600927,,,,,,,,,,,,,,,,,,,,,,,,,,,
165,/Task506_ISLES22_new/nnUNetTrainerV2_S6_D2_W64__nnUNetPlansv2.1/fold_0/validation_raw/summary.json,0.768732559191148,,,,,,,,,,,,,,,,,,,,,,,,,,,
166,/Task506_ISLES22_new/nnUNetTrainerV2_S5_D2_W64__nnUNetPlansv2.1/fold_0/validation_raw/summary.json,0.7682633014981514,,,,,,,,,,,,,,,,,,,,,,,,,,,
167,/Task506_ISLES22_new/nnUNetTrainerV2_S5_D3_W32__nnUNetPlansv2.1/fold_0/validation_raw/summary.json,0.7840622508155012,,,,,,,,,,,,,,,,,,,,,,,,,,,
168,/Task506_ISLES22_new/nnUNetTrainerV2_S5_D2_W16__nnUNetPlansv2.1/fold_0/validation_raw/summary.json,0.7827210556287154,,,,,,,,,,,,,,,,,,,,,,,,,,,
169,/Task506_ISLES22_new/nnUNetTrainerV2_S5_D2_W32__nnUNetPlansv2.1/fold_0/validation_raw/summary.json,0.774055727947789,,,,,,,,,,,,,,,,,,,,,,,,,,,
170,/Task022_FLARE2022/nnUNetTrainerV2_S5_D2_W32__nnUNetPlansv2.1/fold_0/validation_raw/summary.json,0.9890955506979358,0.975929024647441,0.9874149482730786,0.8857540380649066,0.9577311305058313,0.9491912423127692,0.8763185315407472,0.8904509810810343,0.9465140873567985,0.9140818648109855,0.970878168982512,0.9009757297931026,0.9769499993944267,,,,,,,,,,,,,,,
171,/Task037_CHAOS_Task_3_5_Variant1/nnUNetTrainerV2_S6_D3_W32__nnUNetPlansv2.1/fold_0/validation_raw/summary.json,0.881134444174991,0.9350024813315986,0.9364475543594342,0.7800698227524445,,,,,,,,,,,,,,,,,,,,,,,,
172,/Task606_orCaScore/nnUNetTrainerV2_S6_D3_W64__nnUNetPlansv2.1/fold_0/validation_raw/summary.json,0.1520636420919975,0.0,0.0,,,,,,,,,,,,,,,,,,,,,,,,,
173,/Task606_orCaScore/nnUNetTrainerV2_S4_D3_W64__nnUNetPlansv2.1/fold_0/validation_raw/summary.json,0.1497243519532676,0.0,0.0,,,,,,,,,,,,,,,,,,,,,,,,,
174,/Task606_orCaScore/nnUNetTrainerV2_S4_D2_W16__nnUNetPlansv2.1/fold_0/validation_raw/summary.json,0.0,0.0,0.0,,,,,,,,,,,,,,,,,,,,,,,,,
175,/Task606_orCaScore/nnUNetTrainerV2_S6_D2_W16__nnUNetPlansv2.1/fold_0/validation_raw/summary.json,0.10528461347253293,0.0,0.0,,,,,,,,,,,,,,,,,,,,,,,,,
176,/Task606_orCaScore/nnUNetTrainerV2_S6_D3_W32__nnUNetPlansv2.1/fold_0/validation_raw/summary.json,0.15959298820919635,0.0,0.0,,,,,,,,,,,,,,,,,,,,,,,,,
177,/Task606_orCaScore/nnUNetTrainerV2_S6_D2_W32__nnUNetPlansv2.1/fold_0/validation_raw/summary.json,0.08790322580645162,0.0,0.0,,,,,,,,,,,,,,,,,,,,,,,,,
178,/Task606_orCaScore/nnUNetTrainerV2_S4_D2_W64__nnUNetPlansv2.1/fold_0/validation_raw/summary.json,0.0922694538962061,0.0,0.0,,,,,,,,,,,,,,,,,,,,,,,,,
179,/Task606_orCaScore/UNETRTrainer3__nnUNetPlansv2.1/fold_0/validation_raw/summary.json,0.0,0.0,0.0,,,,,,,,,,,,,,,,,,,,,,,,,
180,/Task606_orCaScore/nnUNetTrainerV2_S6_D2_W64__nnUNetPlansv2.1/fold_0/validation_raw/summary.json,0.10413325107958052,0.0,0.0,,,,,,,,,,,,,,,,,,,,,,,,,
181,/Task101_AMOS22_Task1/BigResUNetTrainer4__nnUNetPlansv2.1/fold_1/validation_raw/summary.json,0.9235862960098572,0.9702383771026553,0.9469848825889411,0.8636683578748913,0.8569718269697468,0.9697381225762355,0.9444917496885761,0.9587854430344166,0.9059254617468891,0.8699408451101232,0.8184401282858713,0.8045148199906021,0.8391498721219108,0.9195850831433948,0.8833707407313705,,,,,,,,,,,,,
182,/Task101_AMOS22_Task1/BigResUNetTrainer4__nnUNetPlansv2.1/fold_2/validation_raw/summary.json,0.9718186398411557,0.9495103777876732,0.9349346580434937,0.9090772275870966,0.8328147213674713,0.9793396027985317,0.8689410012586233,0.956955771663433,0.9143640888636997,0.8660925121468083,0.7997357253292646,0.8265929522845974,0.8399886536643362,0.8973151983702365,0.8355671248673318,,,,,,,,,,,,,
183,/Task101_AMOS22_Task1/BigResUNetTrainer4__nnUNetPlansv2.1/fold_3/validation_raw/summary.json,0.9749766378039425,0.9668518208435506,0.968777809404606,0.887887210795925,0.8555439397862071,0.9789724334339729,0.9424149322441041,0.9554211628659492,0.9129051567482793,0.8721706667236212,0.8146973332072343,0.828051069442979,0.8404804118230832,0.9294535676148669,0.8728197724647322,,,,,,,,,,,,,
184,/Task101_AMOS22_Task1/BigResUNetTrainer4__nnUNetPlansv2.1/fold_4/validation_raw/summary.json,0.9713345727148877,0.9576002550378402,0.9608241784995393,0.8473727941877993,0.8821722067763826,0.9754314787724555,0.937175210979186,0.9582619394783911,0.9218299263766969,0.8820967245532418,0.7751071578839371,0.7881386431051585,0.8415165405695555,0.9237831621336161,0.8968720691783917,,,,,,,,,,,,,
185,/Task101_AMOS22_Task1/BigResUNetTrainer4__nnUNetPlansv2.1/fold_0/validation_raw/summary.json,0.9755285795458711,0.9510710718958212,0.94451827099025,0.8205351067588095,0.8297446023857923,0.9690893006711594,0.8783834244395674,0.9554220144974728,0.9161898664437675,0.8543262182357815,0.7791662010621949,0.8131463178313647,0.8091125613586797,0.9177399564498672,0.8621503376355552,,,,,,,,,,,,,
186,/Task101_AMOS22_Task1/BigResUNetTrainerV3_DS_233444_96_noMirror__nnUNetPlansv2.1/fold_0/validation_raw/summary.json,0.9719282346582314,0.9160980662169906,0.94412887406818,0.7333271214699092,0.8238829332092369,0.9768006066271766,0.8860418840800428,0.9545989148056758,0.8962758162832352,0.8184027566051743,0.7390220589534866,0.7863385902958828,0.7529692268935985,0.8804766313516945,0.7813017473030088,,,,,,,,,,,,,
187,/Task601_CTSpine1K_Full/nnUNetTrainerV2_S4_D2_W32__nnUNetPlansv2.1/fold_0/validation_raw/summary.json,0.17500221010690206,0.4607292116640407,0.6395422542708237,0.29606216243120353,0.29545420122928495,0.6079088052928348,0.8013262671444935,0.8598384496054889,0.840627450533108,0.7710295798002477,0.6746760328208213,0.6178864227052613,0.5008669575474949,0.5069273290383267,0.5368758979334987,0.5335188585044834,0.5377720046642429,0.5453942936402254,0.5423702687586999,0.5369469481405567,0.5499775377503645,0.5575089119196782,0.5674144996218101,0.5611518217805624,0.0,,,
188,/Task601_CTSpine1K_Full/nnUNetTrainerV2_S4_D2_W16__nnUNetPlansv2.1/fold_0/validation_raw/summary.json,0.0,0.14027095699329936,0.016659647152417054,0.14702745465502184,0.14736282252355606,0.45169968125088733,0.7453659703411135,0.7739515526809815,0.7333776186053703,0.6903382771377335,0.5978638474300514,0.47565952731847383,0.45303997312730643,0.47607301426535464,0.5101351550990462,0.5167309627190586,0.5249180351556161,0.5358496802020042,0.5349299263119616,0.533409687839896,0.5377083750886613,0.5391633739625611,0.5585538892874448,0.5469031020681496,0.0,,,
189,/Task601_CTSpine1K_Full/nnUNetTrainerV2_S6_D2_W16__nnUNetPlansv2.1/fold_0/validation_raw/summary.json,0.0,0.48424230808531643,0.16033419770324892,0.3618662033061203,0.4180006576122124,0.5355363516973015,0.832823705037415,0.872927006405187,0.8329172757960052,0.7615559271588769,0.791242460407087,0.6313285258774297,0.6016026473084325,0.560348472920056,0.5587921016127563,0.5507401240643693,0.5541227683704323,0.550905972692675,0.548671419659253,0.5461961258904513,0.5561312523879841,0.5596394270806209,0.5670371605261408,0.5596998483288826,0.0,,,
190,/Task601_CTSpine1K_Full/nnUNetTrainerV2_S5_D3_W64__nnUNetPlansv2.1/fold_0/validation_raw/summary.json,0.9269347274591321,0.9595360566867775,0.947176509003011,0.5380278821741642,0.5251491507101723,0.6658695839276761,0.8216406773573768,0.8790359396060923,0.8797503270181448,0.8148196519611015,0.7521113846291838,0.6474211456113004,0.635233055059481,0.5663107040022378,0.5594694086173106,0.5502967017484032,0.557373992488732,0.5572984576045044,0.5543873017257727,0.5435384287892204,0.5574623467825685,0.5627193587052501,0.5728582328070181,0.5616485103415343,0.0,,,
191,/Task601_CTSpine1K_Full/nnUNetTrainerV2_S4_D2_W64__nnUNetPlansv2.1/fold_0/validation_raw/summary.json,0.40383890028691616,0.413915428695241,0.5665865288344061,0.3348149260160219,0.32766382293136653,0.6775879218216204,0.8450884643818263,0.8374624874348009,0.8285078291168114,0.7976447106738412,0.7208580734451067,0.5647853587316927,0.5065644162547147,0.5174434668531209,0.5455220915717732,0.5374607356221852,0.5482734631999479,0.5511104351698359,0.5518699438737688,0.5438405112637582,0.5547752234069698,0.5639731624453598,0.573693970807084,0.5608899128659386,0.0,,,
192,/Task601_CTSpine1K_Full/UNETRTrainer3__nnUNetPlansv2.1/fold_0/validation_raw/summary.json,0.4273990309639613,0.689488600466414,0.7871925697065899,0.3772065487899187,0.314803893108308,0.5666185843725805,0.7841133117660891,0.8289298978386886,0.8093362070948169,0.7424439879248833,0.6644759251090377,0.46876433728003475,0.4565439002704191,0.5032862442348279,0.5097676388827165,0.5257431918140519,0.5424478026390539,0.5468522014661438,0.5461195160402059,0.5433201212371613,0.551458443206916,0.5573665077742638,0.5639625054181436,0.5515548394012622,0.0,,,
193,/Task601_CTSpine1K_Full/nnUNetTrainerV2_S6_D2_W64__nnUNetPlansv2.1/fold_0/validation_raw/summary.json,0.5776523464134915,0.5821140258896697,0.9528642193979932,0.5498593986701976,0.4760408169523414,0.618554994117013,0.7804677485367569,0.8471907960451994,0.8782979691607353,0.8131665028700109,0.8043573055711084,0.692940156596605,0.6273803517473492,0.5721430811371339,0.562309751536394,0.5561386553425748,0.5608309046169929,0.5534876936296143,0.548971616162854,0.5485723298663396,0.5553287139394922,0.5639107262109964,0.574222067375114,0.5649285310073598,0.0,,,
194,/Task601_CTSpine1K_Full/nnUNetTrainerV2_S5_D2_W64__nnUNetPlansv2.1/fold_0/validation_raw/summary.json,0.7018496807154302,0.7275541425592279,0.9517704631874165,0.45230285879406956,0.4577413954936161,0.6428535810979722,0.8213554805671344,0.8841392799719702,0.8387919337155606,0.8427063758256709,0.8163429703538425,0.7190282269474559,0.6623434558193186,0.5797700649791939,0.5649042261705033,0.551325880347984,0.5550134601411048,0.5547317344783433,0.5493568528027446,0.5465707077456639,0.5618100501951389,0.5682978593202408,0.5746424741650349,0.5642064118575586,0.0,,,
195,/Task601_CTSpine1K_Full/nnUNetTrainerV2_S5_D2_W32__nnUNetPlansv2.1/fold_0/validation_raw/summary.json,0.4390197891793963,0.9421804974522537,0.7082119539671589,0.5404918758228836,0.4369938979599569,0.656012502410091,0.825175061211744,0.8846757929731985,0.875726577488942,0.80044738177071,0.7957230793715138,0.6734844037610143,0.6536676358177084,0.5709509786713464,0.5470674433918297,0.5521117529989282,0.5574393090211613,0.5523662982630206,0.5491699514259747,0.5489026109506373,0.5555941992789565,0.5652119105381395,0.5750344036087801,0.566407664179094,0.0,,,
196,/Task602_ASC18/nnUNetTrainerV2_S6_D3_W64__nnUNetPlansv2.1/fold_0/validation_raw/summary.json,0.9238579738519245,,,,,,,,,,,,,,,,,,,,,,,,,,,
197,/Task602_ASC18/nnUNetTrainerV2_S4_D2_W32__nnUNetPlansv2.1/fold_0/validation_raw/summary.json,0.9226469895411653,,,,,,,,,,,,,,,,,,,,,,,,,,,
198,/Task602_ASC18/nnUNetTrainerV2_S4_D3_W32__nnUNetPlansv2.1/fold_0/validation_raw/summary.json,0.9237793968257124,,,,,,,,,,,,,,,,,,,,,,,,,,,
199,/Task602_ASC18/nnUNetTrainerV2_S4_D3_W64__nnUNetPlansv2.1/fold_0/validation_raw/summary.json,0.9229240082667846,,,,,,,,,,,,,,,,,,,,,,,,,,,
200,/Task602_ASC18/nnUNetTrainerV2_S4_D2_W16__nnUNetPlansv2.1/fold_0/validation_raw/summary.json,0.9208839636636559,,,,,,,,,,,,,,,,,,,,,,,,,,,
201,/Task602_ASC18/nnUNetTrainerV2_S6_D2_W16__nnUNetPlansv2.1/fold_0/validation_raw/summary.json,0.9230962563169339,,,,,,,,,,,,,,,,,,,,,,,,,,,
202,/Task602_ASC18/nnUNetTrainerV2_S5_D3_W64__nnUNetPlansv2.1/fold_0/validation_raw/summary.json,0.924132755790628,,,,,,,,,,,,,,,,,,,,,,,,,,,
203,/Task602_ASC18/nnUNetTrainerV2_S6_D3_W32__nnUNetPlansv2.1/fold_0/validation_raw/summary.json,0.9245106965690331,,,,,,,,,,,,,,,,,,,,,,,,,,,
204,/Task602_ASC18/nnUNetTrainerV2_S6_D2_W32__nnUNetPlansv2.1/fold_0/validation_raw/summary.json,0.9215584877917387,,,,,,,,,,,,,,,,,,,,,,,,,,,
205,/Task602_ASC18/nnUNetTrainerV2_S4_D2_W64__nnUNetPlansv2.1/fold_0/validation_raw/summary.json,0.9248021970635131,,,,,,,,,,,,,,,,,,,,,,,,,,,
206,/Task602_ASC18/UNETRTrainer3__nnUNetPlansv2.1/fold_0/validation_raw/summary.json,0.9158876145497536,,,,,,,,,,,,,,,,,,,,,,,,,,,
207,/Task602_ASC18/nnUNetTrainerV2_S5_D2_W64__nnUNetPlansv2.1/fold_0/validation_raw/summary.json,0.9228486223403366,,,,,,,,,,,,,,,,,,,,,,,,,,,
208,/Task602_ASC18/nnUNetTrainerV2_S5_D3_W32__nnUNetPlansv2.1/fold_0/validation_raw/summary.json,0.9234747939477437,,,,,,,,,,,,,,,,,,,,,,,,,,,
209,/Task602_ASC18/nnUNetTrainerV2_S5_D2_W16__nnUNetPlansv2.1/fold_0/validation_raw/summary.json,0.9223565277758595,,,,,,,,,,,,,,,,,,,,,,,,,,,
210,/Task602_ASC18/nnUNetTrainerV2_S5_D2_W32__nnUNetPlansv2.1/fold_0/validation_raw/summary.json,0.9232837281484148,,,,,,,,,,,,,,,,,,,,,,,,,,,
211,/Task006_Lung/BigResUNetTrainerV4_222222_64__nnUNetPlansv2.1/fold_1/validation_raw/summary.json,0.0,,,,,,,,,,,,,,,,,,,,,,,,,,,
212,/Task006_Lung/BigResUNetTrainerV4_222222_64__nnUNetPlansv2.1/fold_2/validation_raw/summary.json,0.0,,,,,,,,,,,,,,,,,,,,,,,,,,,
213,/Task006_Lung/BigResUNetTrainerV4_222222_64__nnUNetPlansv2.1/fold_3/validation_raw/summary.json,0.0,,,,,,,,,,,,,,,,,,,,,,,,,,,
214,/Task006_Lung/BigResUNetTrainerV4_222222_64__nnUNetPlansv2.1/fold_4/validation_raw/summary.json,0.0,,,,,,,,,,,,,,,,,,,,,,,,,,,
215,/Task006_Lung/BigResUNetTrainerV4_222222_64__nnUNetPlansv2.1/fold_0/validation_raw/summary.json,0.7339782690865844,,,,,,,,,,,,,,,,,,,,,,,,,,,
216,/Task006_Lung/BigResUNetTrainerV4_111111_32__nnUNetPlansv2.1/fold_1/validation_raw/summary.json,0.6626959522113034,,,,,,,,,,,,,,,,,,,,,,,,,,,
217,/Task006_Lung/BigResUNetTrainerV4_111111_32__nnUNetPlansv2.1/fold_2/validation_raw/summary.json,0.6344245754893715,,,,,,,,,,,,,,,,,,,,,,,,,,,
218,/Task006_Lung/BigResUNetTrainerV4_111111_32__nnUNetPlansv2.1/fold_3/validation_raw/summary.json,0.7524116751153982,,,,,,,,,,,,,,,,,,,,,,,,,,,
219,/Task006_Lung/BigResUNetTrainerV4_111111_32__nnUNetPlansv2.1/fold_4/validation_raw/summary.json,0.0,,,,,,,,,,,,,,,,,,,,,,,,,,,
220,/Task006_Lung/BigResUNetTrainerV4_111111_32__nnUNetPlansv2.1/fold_0/validation_raw/summary.json,0.7334517344353859,,,,,,,,,,,,,,,,,,,,,,,,,,,
221,/Task006_Lung/BigResUNetTrainerV4_111111_32_ft__nnUNetPlansv2.1/fold_1/validation_raw/summary.json,0.6554795113568903,,,,,,,,,,,,,,,,,,,,,,,,,,,
222,/Task006_Lung/BigResUNetTrainerV4_111111_32_ft__nnUNetPlansv2.1/fold_2/validation_raw/summary.json,0.661256994196317,,,,,,,,,,,,,,,,,,,,,,,,,,,
223,/Task006_Lung/BigResUNetTrainerV4_111111_32_ft__nnUNetPlansv2.1/fold_3/validation_raw/summary.json,0.7585222380353395,,,,,,,,,,,,,,,,,,,,,,,,,,,
224,/Task006_Lung/BigResUNetTrainerV4_111111_32_ft__nnUNetPlansv2.1/fold_4/validation_raw/summary.json,0.686586456069746,,,,,,,,,,,,,,,,,,,,,,,,,,,
225,/Task006_Lung/BigResUNetTrainerV4_111111_32_ft__nnUNetPlansv2.1/fold_0/validation_raw/summary.json,0.6984996104445163,,,,,,,,,,,,,,,,,,,,,,,,,,,
226,/Task006_Lung/BigResUNetTrainerV4_222222_64_ft__nnUNetPlansv2.1/fold_1/validation_raw/summary.json,0.6616935106240232,,,,,,,,,,,,,,,,,,,,,,,,,,,
227,/Task006_Lung/BigResUNetTrainerV4_222222_64_ft__nnUNetPlansv2.1/fold_2/validation_raw/summary.json,0.7164945259409536,,,,,,,,,,,,,,,,,,,,,,,,,,,
228,/Task006_Lung/BigResUNetTrainerV4_222222_64_ft__nnUNetPlansv2.1/fold_3/validation_raw/summary.json,0.705790056521885,,,,,,,,,,,,,,,,,,,,,,,,,,,
229,/Task006_Lung/BigResUNetTrainerV4_222222_64_ft__nnUNetPlansv2.1/fold_4/validation_raw/summary.json,0.6932408382362913,,,,,,,,,,,,,,,,,,,,,,,,,,,
230,/Task003_Liver/BigResUNetTrainerV4_222222_64__nnUNetPlansv2.1/fold_1/validation_raw/summary.json,0.9642444453251411,0.6263078174128045,,,,,,,,,,,,,,,,,,,,,,,,,,
231,/Task003_Liver/BigResUNetTrainerV4_222222_64__nnUNetPlansv2.1/fold_2/validation_raw/summary.json,0.941384188908693,0.61534418527253,,,,,,,,,,,,,,,,,,,,,,,,,,
232,/Task003_Liver/BigResUNetTrainerV4_222222_64__nnUNetPlansv2.1/fold_3/validation_raw/summary.json,0.9577653745174555,0.6912333490437315,,,,,,,,,,,,,,,,,,,,,,,,,,
233,/Task003_Liver/BigResUNetTrainerV4_222222_64__nnUNetPlansv2.1/fold_0/validation_raw/summary.json,0.9653702739210827,0.7109456461462599,,,,,,,,,,,,,,,,,,,,,,,,,,
234,/Task003_Liver/BigResUNetTrainerV4_111111_32__nnUNetPlansv2.1/fold_3/validation_raw/summary.json,0.9553614256802988,0.706508061760339,,,,,,,,,,,,,,,,,,,,,,,,,,
235,/Task003_Liver/BigResUNetTrainerV4_111111_32__nnUNetPlansv2.1/fold_4/validation_raw/summary.json,0.9539671718143551,0.5672724509704729,,,,,,,,,,,,,,,,,,,,,,,,,,
236,/Task003_Liver/BigResUNetTrainerV4_111111_32__nnUNetPlansv2.1/fold_0/validation_raw/summary.json,0.9654248479791081,0.7104516620573916,,,,,,,,,,,,,,,,,,,,,,,,,,
237,/Task003_Liver/BigResUNetTrainerV4_111111_32_ft__nnUNetPlansv2.1/fold_1/validation_raw/summary.json,0.9628534704016902,0.5862210634163268,,,,,,,,,,,,,,,,,,,,,,,,,,
238,/Task003_Liver/BigResUNetTrainerV4_111111_32_ft__nnUNetPlansv2.1/fold_2/validation_raw/summary.json,0.9353011271871969,0.651214317502913,,,,,,,,,,,,,,,,,,,,,,,,,,
239,/Task003_Liver/BigResUNetTrainerV4_111111_32_ft__nnUNetPlansv2.1/fold_3/validation_raw/summary.json,0.9573401976047872,0.7020200279278008,,,,,,,,,,,,,,,,,,,,,,,,,,
240,/Task003_Liver/BigResUNetTrainerV4_111111_32_ft__nnUNetPlansv2.1/fold_4/validation_raw/summary.json,0.9555548167646843,0.5360268164424234,,,,,,,,,,,,,,,,,,,,,,,,,,
241,/Task003_Liver/BigResUNetTrainerV4_111111_32_ft__nnUNetPlansv2.1/fold_0/validation_raw/summary.json,0.96507088259281,0.6877239588770426,,,,,,,,,,,,,,,,,,,,,,,,,,
242,/Task003_Liver/BigResUNetTrainerV4_222222_64_ft__nnUNetPlansv2.1/fold_1/validation_raw/summary.json,0.9643192175085326,0.6142158386281409,,,,,,,,,,,,,,,,,,,,,,,,,,
243,/Task003_Liver/BigResUNetTrainerV4_222222_64_ft__nnUNetPlansv2.1/fold_2/validation_raw/summary.json,0.9342414584302503,0.582879707694657,,,,,,,,,,,,,,,,,,,,,,,,,,
244,/Task003_Liver/BigResUNetTrainerV4_222222_64_ft__nnUNetPlansv2.1/fold_3/validation_raw/summary.json,0.957422974476936,0.7115555814786613,,,,,,,,,,,,,,,,,,,,,,,,,,
245,/Task003_Liver/BigResUNetTrainerV4_222222_64_ft__nnUNetPlansv2.1/fold_4/validation_raw/summary.json,0.9562768866063697,0.5852800035253866,,,,,,,,,,,,,,,,,,,,,,,,,,
246,/Task003_Liver/BigResUNetTrainerV4_222222_64_ft__nnUNetPlansv2.1/fold_0/validation_raw/summary.json,0.9657174048862688,0.6637625074299547,,,,,,,,,,,,,,,,,,,,,,,,,,
247,/Task033_AMOS22_Task2_result2/BigResUNetTrainer3__nnUNetPlansv2.1/fold_0/validation_raw/summary.json,0.9758736116034169,0.9542527957586313,0.9230630561404752,0.7690927570373162,0.814929926965068,0.9747736984788148,0.8825860025377663,0.9477324020718892,0.9120774481212729,0.8582181490602191,0.7542662873369216,0.785312278149921,0.8026554689166158,0.8768121192524823,0.8364057011893357,,,,,,,,,,,,,
248,/Task033_AMOS22_Task2_result2/BigResUNetTrainer1__nnUNetPlansv2.1/fold_0/validation_raw/summary.json,0.9760620212924391,0.951078434243823,0.9336018189689672,0.8079216983009381,0.8091887918857488,0.970526701065122,0.8825555168811036,0.9509231936361937,0.9145689204709648,0.8562966041931704,0.7580383234044371,0.7868800925519301,0.7910189727697418,0.8771411599723221,0.839057454363803,,,,,,,,,,,,,
249,/Task033_AMOS22_Task2_result2/BigResUNetTrainer2__nnUNetPlansv2.1/fold_0/validation_raw/summary.json,0.9749232077590877,0.9506228306221963,0.9404574542443888,0.8061725416993694,0.8197232567733574,0.9741643689125477,0.8836103563221266,0.9484710490382815,0.9136569469815035,0.8597611825684434,0.7525937588583579,0.7843581795912327,0.7968874363367172,0.8762272518500458,0.8271452031185379,,,,,,,,,,,,,
250,/Task030_CT_ORG/nnUNetTrainerV2_S4_D2_W32__nnUNetPlansv2.1/fold_0/validation_raw/summary.json,0.9612384595575929,0.8383860453550316,0.9532768314453951,0.9108459131696464,0.8850068110738774,0.9881706686971419,,,,,,,,,,,,,,,,,,,,,,
251,/Task030_CT_ORG/nnUNetTrainerV2_S4_D2_W16__nnUNetPlansv2.1/fold_0/validation_raw/summary.json,0.9523933760709941,0.8320162087129632,0.951551530471156,0.9018285442398681,0.8838388072679904,0.2469510154216908,,,,,,,,,,,,,,,,,,,,,,
252,/Task030_CT_ORG/nnUNetTrainerV2_S6_D3_W32__nnUNetPlansv2.1/fold_0/validation_raw/summary.json,0.965572002034586,0.8565517393624847,0.9541452682395525,0.9186839275755967,0.8864247341971508,0.9909131354509435,,,,,,,,,,,,,,,,,,,,,,
253,/Task030_CT_ORG/nnUNetTrainerV2_S5_D3_W32__nnUNetPlansv2.1/fold_0/validation_raw/summary.json,0.9670231354455232,0.8539811992758262,0.9538780488378331,0.9193899880099179,0.884626894094486,0.9902257905179703,,,,,,,,,,,,,,,,,,,,,,
254,/Task030_CT_ORG/nnUNetTrainerV2_S5_D2_W32__nnUNetPlansv2.1/fold_0/validation_raw/summary.json,0.9661677624884986,0.8461053086184415,0.9551786876815046,0.9172193435552807,0.8853276998704462,0.49618548896426823,,,,,,,,,,,,,,,,,,,,,,
255,/Task083_VerSe2020/nnUNetTrainerV2_S6_D3_W64__nnUNetPlansv2.1/fold_0/validation_raw/summary.json,0.9389384174317131,0.9501027057647262,0.8422108543719438,0.8395400323749571,0.7212675740461408,0.5789533879057513,0.6281133250018,0.774674925330135,0.8389814619728062,0.7270711567329654,0.7557872023733656,0.750644181100499,0.677522674806344,0.6496607373045593,0.6575189911610757,0.7883222190579033,0.8434452972749771,0.7621640861628293,0.7637604959142351,0.9013346001628424,0.8759913042025061,0.8009017012994015,0.7310661555083142,0.6684368194977599,0.17144452867583462,,,0.0
256,/Task083_VerSe2020/nnUNetTrainerV2_S6_D2_W16__nnUNetPlansv2.1/fold_0/validation_raw/summary.json,0.884840025698539,0.9466950434325653,0.8818771181835713,0.8004267735711559,0.6916307713766285,0.5599229112556671,0.609284744725205,0.7718359893325824,0.8347548615601583,0.7249856888447076,0.7357485564092008,0.7714084784259465,0.7010052501414109,0.6643634065732359,0.6708308340673426,0.7763362794912045,0.8339003169847516,0.7478867903352092,0.759369995150145,0.9182216456884308,0.8810032157726466,0.7922350454352352,0.7385929388794606,0.6838112902384885,0.1814108658844305,,,0.0
