result_id,avg,cls1,cls2,cls3,cls4,cls5,cls6,cls7,cls8,cls9,cls10,cls11,cls12,cls13,cls14,cls15,cls16,cls17,cls18,cls19,cls20,cls21,cls22,cls23,cls24,cls25,cls26,cls27,cls28,cls29,cls30,cls31,cls32,cls33,cls34,cls35,cls36,cls37,cls38,cls39,cls40,cls41,cls42,cls43,cls44,cls45,cls46,cls47,cls48,cls49,cls50,cls51,cls52,cls53,cls54,cls55,cls56,cls57,cls58,cls59,cls60,cls61,cls62,cls63,cls64,cls65,cls66,cls67,cls68,cls69,cls70,cls71,cls72,cls73,cls74,cls75,cls76,cls77,cls78,cls79,cls80,cls81,cls82,cls83,cls84,cls85,cls86,cls87,cls88,cls89,cls90,cls91,cls92,cls93,cls94,cls95,cls96,cls97,cls98,cls99,cls100,cls101,cls102,cls103,cls104
BigResUNetTrainerV4_cs128_base_ep1k_lr0003_all,0.875780852384733,0.7586601789266374,0.7709583813083571,0.9435515522402527,0.929665838832,0.9287923351296309,0.9545472565551605,0.9315370467896105,0.9511603600816155,0.8595810933091657,0.7376399390500566,0.8889194862927211,0.836042538242484,0.7586719230880249,0.7146141716605569,0.6941918443910272,0.8069815508997416,0.7651068734343813,0.8391586211288804,0.8644171159157227,0.7909635160611476,0.8194970898253569,0.8865370236182295,0.9169459839117641,0.9030684381471342,0.9444702946912182,0.9294577513890188,0.9345985926553918,0.928213981942898,0.8177721705148329,0.6528477565304824,0.8295044477927143,0.8133318042030581,0.847510838056203,0.8290484893032903,0.8385529851518932,0.8553667504102879,0.879744982785711,0.9215448035128034,0.9054763112196801,0.9433491117411014,0.9550494207565046,0.9446195303392108,0.9429537356307588,0.9604364252707734,0.9067753772893995,0.8061535362445023,0.7815375793438917,0.8676305624190046,0.9264929408085196,0.874241878478322,0.9036204938660978,0.9035232920190776,0.9011576123204517,0.8877586294648725,0.8926162550335326,0.8603884323857165,0.8545989089033321,0.862809291119848,0.8608947604353433,0.8837414784914901,0.932154915902626,0.8666595384552338,0.883457082699062,0.8740162883570547,0.936836717366208,0.8926896175735176,0.8866737314967852,0.8638994297386525,0.8777485910253878,0.8811181025699456,0.8754495256038739,0.8799381897953608,0.9593185903917625,0.9161049857242415,0.9116736348183071,0.8832080240142437,0.9713198879987164,0.9149779205464004,0.9495643157064557,0.9264613566366282,0.8428887621009604,0.9429971530587259,0.8404386465259506,0.8261663908342374,0.7373705780111199,0.589765705933527,0.9141097664623232,0.9056579915956902,0.9285579010127489,0.9176598563867077,0.9378582385358325,0.9446742292645514,0.9358282956858488,0.9180754776713446,0.9424383812412658,0.902234674280074,0.9267050235695752,0.9218376690686123,0.8773453577255379,0.9032450552620691,0.8830340691913262,0.8258152098916074,0.8383058672777536,0.8959265296435035
BigResUNetTrainerV4_cs128_base_ep2k_lr001_all,0.9012222287491853,0.7867479721274927,0.8002053952084893,0.9500106439399179,0.9379778991717622,0.9350176071272346,0.944964291020707,0.9411513794206695,0.9563707030999303,0.8900494354070528,0.7846145407235748,0.9085596922872917,0.848886554501117,0.7946793322333136,0.7757215879961068,0.8167098632680629,0.8483377090711416,0.8494525632805983,0.9138180797466877,0.8883097479194508,0.870406177426739,0.8820954239112295,0.8927363639416211,0.9223288304223579,0.908808163226915,0.9474606257101196,0.9365061735447942,0.9527534826415253,0.9559383932896989,0.8297904545834347,0.6598299028787551,0.8656773860106471,0.8478151117385341,0.8843597603077842,0.8733018628794684,0.8550680760413086,0.8926871408331607,0.9075804312716983,0.9331121451780453,0.9157447607998407,0.9582013859980056,0.960843584340283,0.9560741184714446,0.9525495458087481,0.9423828961942332,0.90912053951083,0.813135084697926,0.8117921515298316,0.8798225371211454,0.9434570644106625,0.9277986222286391,0.9311663585162412,0.9176463372859532,0.931844883957087,0.9242461727183522,0.9306935168372966,0.8937686284402017,0.8947790060181585,0.882015961742512,0.8988894754373625,0.933119439935841,0.9427552307838439,0.92266547117206,0.910791732017814,0.8849414328724512,0.9522958535078865,0.9285137813815635,0.9234866947142206,0.8983460118274209,0.9012312574865877,0.926401858430774,0.9076104276122592,0.9283097092453204,0.9575441840282177,0.9005551730246647,0.9185062512638006,0.8877446273397291,0.978235372710272,0.9141184457514652,0.9543025570040727,0.933319189873845,0.8659407630411392,0.9616422921380339,0.8761351589218982,0.8619799513798705,0.7209666760659971,0.6381119462502042,0.9109518796141681,0.9307632160609918,0.9476559359951526,0.9261429036053651,0.9668216274760123,0.9612764860116966,0.9588422906603822,0.9471348571879986,0.9640437672637608,0.9399397104225422,0.9502283025979302,0.9353383905013681,0.9210684841057301,0.9406853850008656,0.9203963860416048,0.8805386454672464,0.8893906670502116,0.9405078296177759
BigResUNetTrainerV4_cs128_base_ep4k_lr0003_all,0.9081320337274558,0.8118348010811325,0.8246525180528701,0.9540545573276547,0.9558114417996171,0.9535585459410207,0.9469417171660227,0.9448782892043902,0.9621814648882779,0.8737938133826759,0.7737159490901186,0.9192656813546062,0.8545069007128928,0.8059647024312401,0.7924325577279923,0.8212450571831457,0.8876670757323818,0.8846275102610165,0.9022364122964749,0.9095438840276091,0.8583422515025577,0.8806439357956051,0.8854340759014317,0.9301392780369842,0.9172044391078051,0.9525027390226297,0.9420322777219842,0.963901261801941,0.9581479253707261,0.8385061958408934,0.66574196421204,0.8872227461443969,0.8690054774812004,0.9037000139209624,0.8874515324797453,0.8605920198942628,0.8939697015275565,0.8985992787301929,0.9396779121667694,0.91688727641917,0.9577583727407999,0.9725546280141556,0.9720126257216455,0.9537469369219851,0.9575228187298052,0.9042788444137365,0.8144803899157332,0.8258974081702739,0.8844721457179634,0.9243470837881848,0.9216524127472205,0.9393943708822198,0.9215262043827086,0.917864544104728,0.9002338071206588,0.9337658401872332,0.9060170298377642,0.9090813584418146,0.9194875294292838,0.9081213079051397,0.9253091812446558,0.9382697992620507,0.9327575813593006,0.9408435465821338,0.893888242906411,0.946301492175615,0.9355330019389654,0.9371594425839145,0.9127642483413446,0.9346446008999526,0.9312382234157666,0.9384745136626498,0.9159133432645687,0.9713285719747232,0.9394851911624619,0.9205591635919501,0.894971262567084,0.9776077806508833,0.9186943268457214,0.9578816881007836,0.9376204311644962,0.8742523596698957,0.9663102477710048,0.8808754214277188,0.8640905906157212,0.7358544060263078,0.6309989850143087,0.9437160926255344,0.9333466019347223,0.9454711902891642,0.9436043749604731,0.9727297109486295,0.9680289293142346,0.960300054119523,0.9518976857916285,0.9678438530833969,0.9345652388905714,0.9554994072462094,0.9439908067798737,0.9067722019940637,0.9493909099435857,0.9250256218407943,0.8797200259865531,0.8932224745883963,0.944147841184623
BigResUNetTrainerV4_cs128_base_no_mirror_ep1k_lr0003_all,0.9186549632553073,0.8464545322200608,0.8507225336738204,0.9559359400524773,0.9682131468656723,0.9646802693368032,0.9563705032436032,0.9459812400581838,0.9670687981791332,0.8723641492911343,0.7676679091749433,0.9217618448007106,0.8465240079457804,0.9040392667870757,0.9273756304278079,0.7819897327291436,0.9695333904270945,0.9697059798092784,0.9572991364238181,0.9611221729339571,0.9341677318944439,0.9415990035302306,0.911351092008634,0.9403876186588085,0.9309740820446324,0.9609746366883078,0.9518928623654305,0.9821689467317729,0.9821156945107113,0.8413810165208202,0.6671665776549355,0.896998913436387,0.8767255792716901,0.9095482437602231,0.8998285115792914,0.8819243971033313,0.9314821358501307,0.9099294358287675,0.9405854313790434,0.9153624409287967,0.9536205270316562,0.9650157422608312,0.9779013556368581,0.9652301816799428,0.9680882386681889,0.9169448721703255,0.8156825539535771,0.8295536831575251,0.8917094298499674,0.9466497879992436,0.9458772141567264,0.9430352284586613,0.918818796281735,0.9057450924685643,0.9126754736541837,0.9307964640354399,0.9141092067137364,0.9095734730764068,0.9191937508815893,0.9028580436090572,0.9397398014407262,0.9469562383414734,0.9360865047442558,0.9392710746944392,0.8780125064870152,0.959259633928469,0.9427154147956006,0.9539950876719558,0.9315746751240116,0.9281001062549876,0.9180594655824283,0.9128631219977034,0.9314420312019165,0.9723006112120353,0.9239111843665081,0.9336537876117762,0.893030214271934,0.9791977578191003,0.923597101420679,0.9640832030034795,0.9451569902030212,0.8718872536969459,0.9640293947639648,0.9274591483876229,0.865242191359822,0.7408552312089907,0.6397918703805978,0.947264673492066,0.9286500203053933,0.9424270319650333,0.9412911769382774,0.9710505142374686,0.9663795776978049,0.9619781492058973,0.9456662306837154,0.9677772016240856,0.9449809568726899,0.9533755677581945,0.9385234532955175,0.9082410224557054,0.9481621668185267,0.9235319880609035,0.8746618878244328,0.8954134650736191,0.9440158404000965
BigResUNetTrainerV4_cs128_base_no_mirror_ep1k_lr001_all,0.925358116728757,0.8525279589998992,0.8526499876901046,0.9564185098012178,0.9682873262315359,0.9656494735624327,0.9550246327265204,0.9474639711179722,0.968277603253848,0.8816492728508879,0.8002745858515152,0.9314188203022657,0.8533278629637503,0.9043258569735454,0.9289485975505624,0.8296975621906609,0.9679202335536825,0.9700838358817923,0.9608666672536774,0.9636488508089415,0.934922045207483,0.9441074711830739,0.8932944892707552,0.9430177265551705,0.9301737775431665,0.9615435166407622,0.9515819315473867,0.9824688654682198,0.9828226805043492,0.845350641259125,0.6634362387836936,0.9078984572153733,0.889446103221788,0.9187403224297411,0.9066066093632293,0.8790848817109334,0.931866309464996,0.9146794764541888,0.9438557758003416,0.9204579777006184,0.9532794121544851,0.9711769160358606,0.9828729248775482,0.9655309253605449,0.963147453697932,0.9148598838687508,0.8557903922115482,0.8430414002980559,0.8888884895018215,0.9506857836362202,0.949421881005566,0.9496446263454804,0.9293628831153663,0.9431629969830997,0.9292304450500849,0.9557624391218453,0.9244281598198075,0.9190553610950143,0.9017377900578554,0.9026283087378966,0.9429134414293454,0.9519240296187522,0.949332746394281,0.9583090230019286,0.8983256724787818,0.9638507359224895,0.9382324594691619,0.9455806187913223,0.9305115104155429,0.936404779942012,0.9533817946926174,0.948504336764382,0.9298133189218228,0.9719190512760846,0.9618122342243319,0.9344588349778422,0.900404838958263,0.9797004094906002,0.9260690497665032,0.9655826135557702,0.9427146942285639,0.8738439407974106,0.968432118867014,0.8854955100571628,0.8737288518484922,0.7789006159994971,0.6829306401927508,0.9534517392957537,0.9283404289753984,0.9442133486471257,0.9485071810774843,0.9767224017982913,0.9721373792934433,0.9660715933045456,0.9580883812694017,0.9698525610564431,0.9440412599054059,0.9576905708480448,0.9435014312847746,0.9343169270443179,0.9540726977748105,0.9383543008252082,0.8877489221183321,0.908709820470282,0.9608199428548967
BigResUNetTrainerV4_cs128_base_no_mirror_ep2k_lr0003_all,0.9265174527689471,0.8686683236767675,0.8622055532207618,0.958156999283418,0.9708965803371808,0.969323282489862,0.9534196220576169,0.950121971802958,0.9721857603315968,0.8803858157098481,0.7958977403878807,0.9406532316564044,0.8542482783457862,0.9079549808031468,0.9313242050715563,0.8446774944470608,0.9721812068467814,0.9737283679952273,0.9661125256155825,0.9678922782626033,0.945328034112689,0.9516713423586045,0.899547369826089,0.9488917263847871,0.9381131584391038,0.963796074604309,0.9575101864089655,0.9846356009747699,0.9849751559761917,0.8470834120484392,0.662271023714392,0.9128102836381774,0.8976933611613493,0.9254938156687144,0.9134107600560003,0.8849951115882243,0.9364914268373,0.9221453484213668,0.9428374509263348,0.9166652971139745,0.9538081443047098,0.9689039977576915,0.984370247189199,0.9692036400313361,0.9710601881607998,0.9162436386082694,0.8265134334130353,0.8435475458620303,0.9006689844268495,0.9522661238704209,0.9297722134076076,0.9336569838331827,0.9120012482300458,0.9149013660879242,0.9312691625762266,0.9551303659462167,0.9239996772355119,0.916480256508391,0.9075917060015624,0.8944380831374451,0.9247626417451148,0.9535019849558787,0.9307437081257467,0.9389172677428058,0.8766889792481489,0.9625359114361252,0.941532404382042,0.9589458876267969,0.9314080999707257,0.9050529736385311,0.927890879736941,0.9417147622468474,0.932713234438215,0.97688494294719,0.9437591289727748,0.9385552907002628,0.89547316991185,0.9807480609306682,0.9245482318723337,0.9690240568672003,0.9447821368059997,0.8804414410033566,0.9709791019416667,0.9452994462215497,0.8779326337528495,0.7879827251250686,0.7396979292692025,0.9544325196544317,0.9351366100325558,0.9476070667404471,0.9516926932362373,0.9797336153043357,0.9750172534739335,0.9652446271444419,0.9595642317448349,0.9726843873903506,0.9457795415211656,0.9557040270100383,0.9380845196877454,0.9242462957829333,0.9528875962770528,0.9416002862906853,0.8982848164073366,0.9119289840595635,0.9634418194062577
BigResUNetTrainerV4_cs128_base_no_mirror_ep2k_lr001_all,0.92720320119283,0.862224887509673,0.8535806984512863,0.9564565836375082,0.9672330376189896,0.9687178958369017,0.9564879112964425,0.9255130991984423,0.971870685790768,0.8830193058369005,0.803532378020623,0.9380949200174168,0.8584078917255037,0.9062183003061133,0.931783966101458,0.8407966358943869,0.9699804088051253,0.9729524291123668,0.9657659327550362,0.9666022940427761,0.942554831462264,0.9514751315472099,0.8977219973930223,0.9439213453647696,0.9374378781875662,0.9647843426297584,0.9561348553975917,0.9837515550417727,0.9843718767902064,0.8487744368706408,0.6588167389158809,0.9112993254466392,0.9049535394242276,0.9224686217685902,0.9102991448184401,0.8947313889536047,0.9376416883695157,0.9219908879327718,0.945537912926958,0.9170973921976971,0.9530487874090331,0.979242135365914,0.9812444887533627,0.9697772195375968,0.9641016469371485,0.9162018829040288,0.8292570525428593,0.8459077406823251,0.8959864753263126,0.9514874555824807,0.9285291756298607,0.9324670657308858,0.9145226113832375,0.9260851782143394,0.9434386356295862,0.9567791056948401,0.9271268756247525,0.9264560064053735,0.9111872707831329,0.9136421309310795,0.9259313204026945,0.9536143766583614,0.9320673437301227,0.9355673976221783,0.8861917749162616,0.965384211338039,0.9411741307514878,0.9494776497018277,0.9296476727696941,0.9418216881328808,0.9479633471179834,0.944702517763314,0.9225465113287628,0.9761786313165295,0.9435882774514782,0.9356898211327144,0.9047305955706388,0.9802604900561742,0.9295747486163981,0.9673895769292252,0.952890423383022,0.8788207206548572,0.970325859913382,0.9503945251745783,0.8757246313244238,0.7877788201582663,0.6980226120711148,0.9593125817531063,0.937837990219354,0.964104526041919,0.9538246177063929,0.9782938530348436,0.974471509358249,0.9706548231013641,0.9606234553349315,0.9687573816089067,0.9552919433452236,0.9598781429382385,0.9451111322786033,0.9160724378540803,0.9552564354102864,0.9348036485528272,0.8888354742107597,0.9100673750307232,0.9669828258230885
BigResUNetTrainerV4_cs128_base_no_mirror_ep4k_lr0003_all,0.9336420795806913,0.877632752830294,0.8639636214081219,0.9579719964838729,0.9751310722176779,0.9723421057976601,0.9578635260150794,0.9524292688758413,0.9751223591261617,0.881459832271896,0.7821214450552596,0.9431164493010973,0.8744509835740554,0.9169186661553699,0.9331902672420073,0.8592041209246526,0.9739073312004596,0.9762915861156383,0.9705741435881236,0.9730411566359524,0.9503254137439562,0.9577307976374,0.9190858645069773,0.9555399614542132,0.9425726108659455,0.9668523768147778,0.9603601590747027,0.9857378091467216,0.9860913901096144,0.8491982702041033,0.6605475131105158,0.9237729237189555,0.910024905651929,0.9325122212947377,0.9178617679146452,0.901963768392016,0.9433596464248686,0.924918664084958,0.9453201356848162,0.9209847582240144,0.9542018773761362,0.9823555434537589,0.9867112448424731,0.9701523109366895,0.9693945458382356,0.9167237593585577,0.8469625747165378,0.8547305345806268,0.9044191649750772,0.9555366858707027,0.9339117951182945,0.943339727691957,0.9133186202725224,0.9458752378588301,0.9464660511760377,0.9593258627730012,0.933047448360249,0.935964598160691,0.9381280094299294,0.9186830010872202,0.9344080064150972,0.9574573648605216,0.9253512689005896,0.9409816684921064,0.8801771854512305,0.9699390283886519,0.964107624910723,0.9685738890761094,0.9434411822414736,0.9422933006180427,0.9510058644216962,0.9461792593084363,0.9276332131616475,0.9796945521825952,0.9693404204934932,0.9417602838762715,0.9024163404242719,0.9818081677859167,0.9297355613120851,0.9706868745714,0.9533607982350013,0.8850727812906583,0.9753906890223483,0.9450474118422755,0.880605877839146,0.7960573471021875,0.7560162055899968,0.9612650235230689,0.9497804346712448,0.9726574841853193,0.9368131162431621,0.9830122157554172,0.9787763074068215,0.9739516619511821,0.9616886682607291,0.9644515044512514,0.9571213018872033,0.9648536491505441,0.9508717898064954,0.9390628362693011,0.9634120069744534,0.946952861389539,0.9065693965671141,0.9185905094828887,0.9696611038456169
BigResUNetTrainerV4_cs128_huge_no_mirror_ep1k_lr0003_all,0.9383485484064032,0.882687962648212,0.8872516811972784,0.960841354332295,0.9753987203395192,0.9734981734092998,0.9542363629977153,0.9555216893803112,0.9774253319271339,0.8890958129773643,0.8236871546989047,0.9512159279201163,0.8461374353353268,0.9084094708432575,0.9339476029995617,0.863372250474646,0.9753395990565784,0.9779053452898986,0.9726278315359734,0.9740480171245904,0.9561968825517734,0.9625160069776616,0.9197231787695547,0.9530679055847525,0.9445130682822822,0.9673567773823758,0.9608235234844762,0.9877944132733709,0.9880386628994948,0.8504548067569749,0.6778882945493927,0.9373224534459919,0.9184717561831913,0.9386663478243871,0.9263986969327632,0.9039030533017198,0.9462302095349984,0.9276027518284935,0.9481023559522991,0.921894322960558,0.9550260166232017,0.9828966262226497,0.9871639569403039,0.9714642329556441,0.9705145861555868,0.917548998925717,0.8633623469396571,0.8626308303576358,0.9109244133450405,0.9591100342485975,0.9591329862360162,0.9583266364269376,0.933169574224992,0.935615930490058,0.9435744022018017,0.9594730241311332,0.9410626049585757,0.9468817435952432,0.9471687496698592,0.9385035655109808,0.9640263994909498,0.962534976577234,0.9673171779707823,0.9555519769489836,0.8954728233036443,0.9483777640700464,0.9556434766151144,0.9371296655937496,0.9282368832704015,0.9439247890157466,0.9545911320626465,0.9508004015669793,0.9425631524200571,0.9811132328959555,0.9734125020082414,0.946622111144672,0.893871268270092,0.9821099469777868,0.931091654559267,0.9729618750913005,0.9559043347539184,0.891279644526139,0.9795386167486607,0.9534008220914163,0.8856107807686319,0.847806670677312,0.7946155749405089,0.969481162392637,0.9466761488930702,0.9694955405192254,0.9710881904387537,0.9844642380951574,0.9817436229882786,0.9793544096314709,0.9636200612001303,0.9787492495319907,0.9621403623535933,0.9690616315075996,0.9531195874882135,0.922234317614879,0.9620662558497362,0.9482908803049478,0.8955689265600171,0.9127472409731229,0.9596731004387427
BigResUNetTrainerV4_cs128_huge_no_mirror_ep2k_lr0003_all,0.9424451116837574,0.8914674630501707,0.8890791832709748,0.9615270591267645,0.9782803798742764,0.9759145519771886,0.9570819583483687,0.9574142436976277,0.9799415810613263,0.8905827703315231,0.8135160831605223,0.9579967925783963,0.9191997270530602,0.9155678999859153,0.9378902469406168,0.8662763853053733,0.9768871001387291,0.9804116739040295,0.977220885167555,0.978564595894209,0.9621362769222717,0.9682799761238698,0.9135191283668482,0.9562153701148322,0.9494237992620037,0.9699872801158875,0.9644900695696884,0.9888844777970086,0.9893566028062147,0.8452876511416656,0.6649992818028905,0.940381636684452,0.9212377545341954,0.9428180441176505,0.9300779187926378,0.9069995715621619,0.9520417456250133,0.9240853914222047,0.9466743195533446,0.923434749870833,0.9683789588347225,0.9845251847316725,0.9875792860581946,0.9730126993966404,0.9769536321112355,0.9194454912889981,0.8698977027473752,0.8639120511002862,0.9114450843318597,0.9636213740821884,0.943418418666926,0.9357195288718868,0.9307745483776738,0.9584754394943694,0.9580290628098483,0.9690335222015213,0.939412104021542,0.9475677587492028,0.9432199219656504,0.9426867403493331,0.9556739849159988,0.9664149367645581,0.9596877650224386,0.950206884550659,0.8846958038267047,0.9762717075487697,0.9513043978776234,0.9468817438845222,0.9336333440175675,0.9604394452252089,0.9653801688337585,0.9589981947406677,0.9591661873541804,0.9835965110865481,0.9757774964151981,0.949020798920859,0.8949120067951237,0.9828924664452637,0.9338211064072303,0.975085226170772,0.9545098619411202,0.8921395932921597,0.9821920689637782,0.9601920220657273,0.8829504936972533,0.8872627115801155,0.838575174986877,0.9716850365265732,0.9500951467784275,0.9833995577017642,0.9784587429861134,0.9874338948722315,0.9854240467581491,0.9820437047771541,0.9655626677787115,0.9710300931361605,0.9631453674062371,0.9711917609435294,0.9559179876118573,0.9270499048801847,0.9611252264397493,0.9405450375836105,0.9049014042974571,0.9262559897474247,0.9750838043113393
BigResUNetTrainerV4_cs128_huge_no_mirror_ep4k_lr0003_all,0.9451635912381278,0.9069431098329933,0.9044328814025365,0.9607865536091204,0.9786260107872138,0.9772130890813606,0.9677722558445142,0.9585894053831681,0.9810908087108429,0.887818714948208,0.8190140921534766,0.9586504451451819,0.9254098386074953,0.9175674526443427,0.9389445254632681,0.8821232705583043,0.9791308856297309,0.9819744062823471,0.9786926561064457,0.9800150357860375,0.9655821854773164,0.9715634294629154,0.9401334187347901,0.9556584405805816,0.9507514960439479,0.9714288073176593,0.9649182966412663,0.9903581663665495,0.9904737207771194,0.8514076717437743,0.6809456516656117,0.9454282886437583,0.9256737599632566,0.9466090042418114,0.927364176752765,0.8946146248634071,0.9523685750262425,0.9279794012466664,0.9474568852127965,0.9230765389793167,0.9659624838684735,0.9851852893075377,0.9885060503482637,0.9733366104398005,0.9769423005656723,0.9185278167452071,0.8686056496546442,0.8729365315071108,0.9132100280498268,0.9644658540198178,0.9527968891022496,0.9612558970001603,0.9425070137742604,0.9379013091650009,0.9601620113998485,0.9745619450236335,0.9483200383644362,0.9610996632856397,0.9550822870717921,0.9363567140293523,0.9486641294412959,0.9642215305350154,0.9750250935535033,0.9723716342351109,0.9099100552022259,0.9769532479298996,0.9718066311148257,0.9677438473693155,0.9473426092657184,0.9570088463526502,0.9698768259379282,0.9666805076233771,0.9523737084943953,0.9844445154194523,0.9776254177319242,0.9509658480607104,0.8958401827679705,0.9834706709690773,0.9279751804171544,0.9757348800182741,0.954860965334851,0.8986428443839191,0.9834279994877847,0.9659094016381803,0.884367534778031,0.8730299886451798,0.8146192538535009,0.9738667634764318,0.9605549005267777,0.9840174512481471,0.9804478530478263,0.9884608848181071,0.9857494324328101,0.9830328321584282,0.9665814658505294,0.9787410841984142,0.9638185317026047,0.9721522692352926,0.9564142515770715,0.9227155085233064,0.9526433860137459,0.9328144235689868,0.8889566045308647,0.917464613074811,0.9713775217789845
BigResUNetTrainerV4_cs128_large_ep1k_lr001_all,0.9079297612563813,0.8506823095502205,0.8362464066615753,0.9548256401380645,0.947693955941152,0.9411077886230635,0.9528900027488851,0.9415087010983954,0.961697955303999,0.8739503232455872,0.7877581948225929,0.9276888135280167,0.8618705715771335,0.7212406081541238,0.8014446109005551,0.8247648943228163,0.8013449318305976,0.846879194835932,0.8794032503331956,0.8912909146961425,0.8319652458431339,0.8655618075569311,0.8928767042355834,0.9299202932844545,0.9149338227322938,0.9506708745542984,0.9413251628648129,0.9576430233583093,0.9582789586175742,0.8359317772775174,0.6588695183529856,0.8861927647144207,0.872105910065746,0.9018661955911577,0.8857527052131612,0.862698848212012,0.8959579237693222,0.9117946486312593,0.9460427363840974,0.918974224817368,0.9513612162196494,0.964673672472992,0.9752556470338483,0.9568366178340142,0.9708102138150123,0.9116935329874203,0.8272804354881511,0.8336294021484446,0.8829764798729304,0.9480138327971733,0.9521083325083134,0.9554054451447286,0.940093279891474,0.9418165329304372,0.9203196046742733,0.9398729689955841,0.9069239119961455,0.8986381178299826,0.8926052949277983,0.914677360201276,0.9510130780403986,0.9512967677834667,0.9322857083081001,0.9440609976057597,0.9212373580036393,0.9607629141175306,0.9327028233986234,0.9366583620792898,0.8836870652954705,0.8963876950990614,0.9020006996832677,0.9153161033247572,0.922538507011624,0.9742303783170185,0.9358605477895403,0.9263759407676911,0.8952153824161687,0.9796620550744799,0.9078868544926529,0.9621331498628056,0.9265951761865803,0.8801780922396584,0.971008424910215,0.8881220907591224,0.8639592415960305,0.7087822029829803,0.6262784051175474,0.9508602451107215,0.9323765096692398,0.9554068297148405,0.9522340815447309,0.9783370270322301,0.9737794243120104,0.9679743155797248,0.950631675502853,0.953024132387606,0.9413562333873444,0.9553763559733321,0.9561959959122701,0.9325257917660434,0.9509157226294561,0.9296770989469327,0.889742895277484,0.8994012565092658,0.9499994429859607
BigResUNetTrainerV4_cs128_large_ep2k_lr0003_all,0.9180472140119278,0.8580010392035328,0.8555233069793957,0.9570433105079327,0.9616332670616949,0.9588752114963017,0.9555532146986419,0.9448485114103838,0.9649448778648594,0.8792889362535218,0.8092327883628461,0.9332915768054504,0.8657995024210242,0.7679889362560471,0.785888569619368,0.8346978962618774,0.8739961079673685,0.8856692899373843,0.8984914477329916,0.9105783237795021,0.8499371178003094,0.8798838957298796,0.8909221102103156,0.9360207991337527,0.9279255607179323,0.9579858114242318,0.9475002129984466,0.9661313790877756,0.9635959325276069,0.838379053149722,0.6654906552827038,0.9094218568433265,0.8991396045432469,0.9184563069588727,0.9039809080558862,0.870319539943567,0.9079454534719328,0.9101645743908557,0.9478293050883748,0.925271674848513,0.9640937430264617,0.9800657884824687,0.9782564815439372,0.9527075187825774,0.9690996590321309,0.9137431085377486,0.8517175571213571,0.8438493168622268,0.8839097913635993,0.9543434788892948,0.9542015458207785,0.9559076801513238,0.9287338636683815,0.9461416259694104,0.9190834468901787,0.9395728466872602,0.9208881518659627,0.925123537681572,0.9191594972733768,0.9350269917463746,0.957993924914267,0.9564860683879252,0.9665576049645646,0.9673446381301165,0.9090312600894664,0.941189958071058,0.9421357448197376,0.946438424584265,0.9202622447925038,0.9245386312356737,0.9449991274491572,0.9527035369057377,0.9445992036647184,0.976095259353487,0.9377968219741961,0.9329263726098233,0.8851183592493389,0.979588064812459,0.927807707661785,0.9671583572386803,0.932628352315045,0.8819729861032499,0.9745949046553043,0.8907285724958353,0.8690569170397635,0.7836239780510464,0.6303636234459151,0.9593123335676348,0.9412816039142189,0.957649595699537,0.9538928415112816,0.9792104771316908,0.974198373948933,0.9732542079378919,0.9454683697871915,0.9752716909320883,0.957951841088739,0.9658313855810652,0.9536684890187962,0.9288582115785606,0.956941019672104,0.9311368468397787,0.8756412112488368,0.9006778656667095,0.9496497488765059
BigResUNetTrainerV4_cs128_large_ep4k_lr0003_all,0.9289084905021778,0.866330649102742,0.8673029447656176,0.9598580958870834,0.9672857090256755,0.9647164573866283,0.9589938852204637,0.9482104828914201,0.9687751743624871,0.8849534475360599,0.821341326448899,0.941161089852055,0.8922288376611771,0.8375575011234684,0.8376250197732413,0.8355125877920587,0.9158752761333293,0.918900955215931,0.9357666018805202,0.9374547871188301,0.9142753601265798,0.9204796570278799,0.8933096009803774,0.9391772147175697,0.934418807803184,0.9618225438349866,0.9525776509252148,0.9741971414300356,0.9666624278351391,0.8474091387480627,0.6746348770318024,0.9224529292456908,0.9041415926037595,0.9293773731672142,0.9116579633618772,0.884682959110045,0.9143011085283069,0.9122551665602058,0.9478965354563184,0.9197627708172963,0.9638027460580669,0.9803196905257825,0.9825727675577337,0.9585885878398388,0.971808849724994,0.9144624833938575,0.8391833133379175,0.8448822210505681,0.9002873515158474,0.9554529147662109,0.9546652964294127,0.9586616192522263,0.934787262516056,0.9512649654408628,0.9324312184434498,0.9558900409559328,0.9347813989305503,0.9356672736387943,0.9326847653163153,0.9314089562909279,0.9528112658621785,0.9589692300250443,0.9720756506463113,0.9717086002266431,0.9107454185591607,0.9440401548829007,0.9529889865836505,0.9467586250942089,0.9250072568795651,0.9563856687989271,0.9689748566852019,0.9666827302313982,0.9684111484180409,0.9785075660746888,0.9646211769943779,0.9362449881995416,0.8882494411367665,0.9803978218315035,0.9291516068938535,0.9672324836573817,0.9379903122342672,0.8889303284465487,0.9772712626504474,0.9434717007941631,0.8740908660386152,0.8141381966147083,0.6977182024205913,0.9654521876275592,0.9446737052267529,0.9761096652537895,0.9697876235619898,0.9832103851555914,0.9797834740201121,0.9765473782794587,0.9609731166807444,0.9783175610397389,0.9617194322060911,0.9668447559837317,0.9498120516063381,0.933615677515028,0.9603546238166755,0.9436329512780957,0.8968865542605008,0.9095247057807618,0.9567142445782635
BigResUNetTrainerV4_cs128_large_no_mirror_ep1k_lr001_all,0.9347428376149816,0.8949354741749878,0.8880755487014278,0.9607829031207765,0.975160451071664,0.9725602436319737,0.9488774088799066,0.9530609015351874,0.9756295071795147,0.8917936231339141,0.8322075544128367,0.9486631093649107,0.7215998575612043,0.9073505219160318,0.9336451780873565,0.8588096449100447,0.9730077153118214,0.9759445645925392,0.9695949107832412,0.9719526824813765,0.949236831588938,0.9589694942360658,0.9090105675584682,0.9453120957689912,0.9434300746993581,0.96804897073501,0.9584948009668358,0.9864529786929969,0.9869992584476518,0.8453401427188851,0.6631684475930338,0.9357488110349874,0.913850803543575,0.9354274109659394,0.9229106113197751,0.8995447883966667,0.9433000350244363,0.9225836749399082,0.9491637527130045,0.9213720218034169,0.9536462847354751,0.9832514261640278,0.9842384185180858,0.9713999218517771,0.9705533129555279,0.9169052876999662,0.8673244651350346,0.8657598169420979,0.9052173303940206,0.9594981012266647,0.9394492537184821,0.9514881369076463,0.928046520975212,0.9311412272608166,0.9498462683335243,0.9603256000013687,0.9299641884090586,0.9261974221773664,0.9247398102734983,0.9191944463884142,0.9325799809562929,0.9609725856569312,0.9661729772058877,0.9590555007526725,0.8955608978375827,0.9725638493920908,0.9495225004073824,0.9686835273078572,0.9443706450548934,0.9614598554983781,0.970478626979906,0.9675756226498994,0.9516456251296511,0.9806113926371143,0.97167449828329,0.9434810409565683,0.913004689994204,0.9813230015329932,0.9299677240701787,0.9738477439549377,0.9556781843208418,0.8912758912831903,0.9789474475758576,0.9446134241592031,0.8806615137782641,0.7987443142828082,0.7265206945510306,0.9686274776059614,0.9362805770923633,0.9795757201744045,0.9475342287130349,0.9840434282676308,0.9806185887552228,0.9779451318249623,0.9632244714724575,0.9720929190826264,0.9507161885677425,0.9673556384593237,0.9525664610344001,0.946639271042223,0.9579950340912112,0.9342899934709238,0.8899566117771867,0.9138980358952444,0.9686969647544684
BigResUNetTrainerV4_cs128_large_no_mirror_ep2k_lr0003_all,0.9377984000686757,0.8947843262077896,0.8894366858107076,0.9623007834263013,0.9772575831289191,0.9743852309430346,0.961949571352225,0.9562401822531056,0.9779141500968742,0.8822599923998384,0.8197036857750064,0.9542958347708017,0.8917951637345274,0.9159640443563666,0.9350445828218996,0.8644600676630402,0.977118787238948,0.9795492797024627,0.9755608475099655,0.976514248696484,0.9586212565673055,0.9662620199273343,0.9002345115679931,0.9527306853204494,0.9463856356682376,0.9693978406025822,0.962733998167308,0.9879547776860643,0.9882291359904524,0.8537613122714245,0.6770059941871449,0.9399300186138688,0.9208181966293437,0.938971020055056,0.9261914655109785,0.9046210150494316,0.9502537092574297,0.9292127267813537,0.9461872065767027,0.9224749467241848,0.9559079330493104,0.9839469619585984,0.9875370026218836,0.9717797868637514,0.9759003547769599,0.9166090974498233,0.8547748590481207,0.8612717670539553,0.9128360291100808,0.9621129458818113,0.9480669523900711,0.951333559678525,0.923182777377602,0.9615346238658293,0.9429247177847098,0.9696383170728179,0.9424603132779695,0.9408879947984012,0.9217971605019046,0.9268473373237229,0.9455495123645747,0.9600393931926491,0.9566050563878368,0.9477559256354666,0.882291454677321,0.9743493848195462,0.9489846336174143,0.9512134336992125,0.9273351229302379,0.9388998940193556,0.9435604465303427,0.9487647237536828,0.9360907376784495,0.982077294065201,0.9748889295686782,0.9472896231129296,0.8954352422257139,0.9828391224216321,0.9331550694681202,0.9722581550290392,0.9551654351620753,0.8883152542809981,0.9793750146615186,0.9644997315401217,0.8871696227878779,0.8022921207990116,0.7741584749733382,0.970351074010827,0.9561389602075251,0.9807051388455292,0.9543115737239489,0.9865850677325454,0.9838142262682573,0.9802669419325338,0.9647133553465087,0.9779348044142432,0.9632897534361488,0.9694276680895947,0.9537179160624144,0.9392132884450433,0.9546234386318374,0.9324724767604207,0.8691447781684838,0.9078325955545131,0.9662687271807741
BigResUNetTrainerV4_cs128_large_no_mirror_ep4k_lr0003_all,0.9416545556917639,0.8975688685751188,0.9000743225733291,0.9617845811828942,0.9774831121655557,0.9765683202774659,0.9574856066019242,0.9572854963732704,0.9790383667575527,0.8890121439765376,0.8277716210568148,0.9540315626004052,0.9247458021870513,0.9191165586447991,0.937518296111431,0.8751571767392773,0.9788322903671421,0.9808556236537599,0.9781001179702169,0.9792850241454024,0.9638195178250513,0.9694280735352621,0.9062363442772213,0.952991844310765,0.9508607331907367,0.9706256206221704,0.9636103653413423,0.9891705738104561,0.9895796719342358,0.8488383236925191,0.6739799801299969,0.9418980804166217,0.9219391554476734,0.9434752738902706,0.9300780992434805,0.9063737773316745,0.9526922816672534,0.9329828495989287,0.9510729165880274,0.9230531621398212,0.9701643465777708,0.9849823791412472,0.9878608553634319,0.9702859940491848,0.9778994598755772,0.9180212695756649,0.8574503637989972,0.8650046990893858,0.9104893523098241,0.9643249307520615,0.9260700528977243,0.9290275440575455,0.9133609465651586,0.9536922843331694,0.958656997178374,0.9753300965431361,0.9498057423607112,0.9555629159985961,0.9475231468231808,0.9255264799822767,0.9338589829860402,0.9669773698096472,0.9625341220876541,0.9580995311754946,0.8995925425148144,0.976477944700238,0.9508004393513954,0.9523994800871591,0.9379700460701837,0.9576319923893047,0.9675312049395084,0.9617328608226582,0.9426633136147373,0.9828188696121397,0.9755527856585208,0.950729930264358,0.9142038683396129,0.9834989494029749,0.931195400445377,0.9716371466922731,0.9602618869242171,0.8978717029385223,0.9819501224972718,0.9599676454804615,0.8838969009696446,0.8382202310680716,0.7399001318335097,0.9718912714275117,0.9570864395233495,0.9763885616577106,0.9789817611398065,0.9872523975138658,0.9849695699648585,0.9817550192773915,0.9653228454454559,0.973040879347613,0.9638691715540599,0.970886994772577,0.9555063435819733,0.9342411260238461,0.9562015876894383,0.9354753815016602,0.925118259435284,0.9249962653346097,0.9736531198501838
Task003_Liver_BigResUNetTrainerV4_cs128_base_ep4k_lr0003_0,0.9611943694359278,0.9611943694359278,,,,,,,,,,,,,,,,,,,,,,,,,,,,,,,,,,,,,,,,,,,,,,,,,,,,,,,,,,,,,,,,,,,,,,,,,,,,,,,,,,,,,,,,,,,,,,,,,,,,,,,
Task003_Liver_BigResUNetTrainerV4_cs128_base_no_mirror_ep4k_lr0003_0,0.9622368319297823,0.9622368319297823,,,,,,,,,,,,,,,,,,,,,,,,,,,,,,,,,,,,,,,,,,,,,,,,,,,,,,,,,,,,,,,,,,,,,,,,,,,,,,,,,,,,,,,,,,,,,,,,,,,,,,,
Task009_Spleen_BigResUNetTrainerV4_cs128_base_ep4k_lr0003_0,0.9520262212503252,0.9520262212503252,,,,,,,,,,,,,,,,,,,,,,,,,,,,,,,,,,,,,,,,,,,,,,,,,,,,,,,,,,,,,,,,,,,,,,,,,,,,,,,,,,,,,,,,,,,,,,,,,,,,,,,
Task009_Spleen_BigResUNetTrainerV4_cs128_base_no_mirror_ep4k_lr0003_0,0.9523232685748346,0.9523232685748346,,,,,,,,,,,,,,,,,,,,,,,,,,,,,,,,,,,,,,,,,,,,,,,,,,,,,,,,,,,,,,,,,,,,,,,,,,,,,,,,,,,,,,,,,,,,,,,,,,,,,,,
Task011_BTCV_BigResUNetTrainerV4_cs128_base_ep1k_lr0003_0,0.8229475457610282,0.9214435170750978,0.8709734096871787,0.9123809298744711,0.6747187322086847,0.749312104279106,0.9688937218185759,0.9038345779156671,0.9241811842599613,0.8707721264848161,0.7645481216254063,0.8023169310953095,0.6676487220904828,0.6672940164786102,,,,,,,,,,,,,,,,,,,,,,,,,,,,,,,,,,,,,,,,,,,,,,,,,,,,,,,,,,,,,,,,,,,,,,,,,,,,,,,,,,,,,,,,,,,
Task011_BTCV_BigResUNetTrainerV4_cs128_base_ep2k_lr001_0,0.8326257312280355,0.9378999909891711,0.8717326330364622,0.9002017087620598,0.6771151095506012,0.7702106208518525,0.9692897994659226,0.9121706607538375,0.9250928301454451,0.8723483398007538,0.7835408176429995,0.8188549367859091,0.6910710262749001,0.6946060319045483,,,,,,,,,,,,,,,,,,,,,,,,,,,,,,,,,,,,,,,,,,,,,,,,,,,,,,,,,,,,,,,,,,,,,,,,,,,,,,,,,,,,,,,,,,,
Task011_BTCV_BigResUNetTrainerV4_cs128_base_ep4k_lr0003_0,0.8379927308443637,0.9287448918411721,0.8686468714235461,0.9249076677796776,0.6775632877536405,0.7794467790533745,0.9696536891901525,0.9145024864354109,0.927654460088629,0.8786167264309891,0.7861726106194977,0.8240473770126476,0.6986800544564464,0.7152685988915443,,,,,,,,,,,,,,,,,,,,,,,,,,,,,,,,,,,,,,,,,,,,,,,,,,,,,,,,,,,,,,,,,,,,,,,,,,,,,,,,,,,,,,,,,,,
Task011_BTCV_BigResUNetTrainerV4_cs128_base_no_mirror_ep1k_lr0003_0,0.24540236605590002,0.0,0.0,0.0,0.0,0.7174788580913631,0.2917659730733548,0.5172113653184806,0.6522613049606092,0.008729749791960733,0.5788731791769367,0.42391032831399494,0.0,0.0,,,,,,,,,,,,,,,,,,,,,,,,,,,,,,,,,,,,,,,,,,,,,,,,,,,,,,,,,,,,,,,,,,,,,,,,,,,,,,,,,,,,,,,,,,,
Task011_BTCV_BigResUNetTrainerV4_cs128_base_no_mirror_ep1k_lr001_0,0.23977869532658222,0.0,0.0,0.0,0.0,0.7292868688964167,0.2608664589943321,0.48267103126034844,0.6531615718156277,0.006672456378819019,0.6101723619973968,0.3742922899026276,0.0,0.0,,,,,,,,,,,,,,,,,,,,,,,,,,,,,,,,,,,,,,,,,,,,,,,,,,,,,,,,,,,,,,,,,,,,,,,,,,,,,,,,,,,,,,,,,,,
Task011_BTCV_BigResUNetTrainerV4_cs128_base_no_mirror_ep2k_lr0003_0,0.24364473711059859,0.0,0.0,0.0,0.0,0.738146044338006,0.2911973863393819,0.48708416096179236,0.6425900260977682,0.0184072253350922,0.5495129253570695,0.44044381400867166,0.0,0.0,,,,,,,,,,,,,,,,,,,,,,,,,,,,,,,,,,,,,,,,,,,,,,,,,,,,,,,,,,,,,,,,,,,,,,,,,,,,,,,,,,,,,,,,,,,
Task011_BTCV_BigResUNetTrainerV4_cs128_base_no_mirror_ep2k_lr001_0,0.2521020938473747,0.0,0.0,0.0,0.0012003086507959189,0.7304555773369535,0.27826864996197703,0.4966816051832887,0.6668747222600845,0.01141022038265205,0.6343276349968104,0.45810850124330865,0.0,0.0,,,,,,,,,,,,,,,,,,,,,,,,,,,,,,,,,,,,,,,,,,,,,,,,,,,,,,,,,,,,,,,,,,,,,,,,,,,,,,,,,,,,,,,,,,,
Task011_BTCV_BigResUNetTrainerV4_cs128_base_no_mirror_ep4k_lr0003_0,0.2575531382925231,0.0,0.0,0.0,0.0,0.7464303891220148,0.3210891809253818,0.4726821355582369,0.6989539354917516,0.03533222510905458,0.6412814704517718,0.4324214611445883,0.0,0.0,,,,,,,,,,,,,,,,,,,,,,,,,,,,,,,,,,,,,,,,,,,,,,,,,,,,,,,,,,,,,,,,,,,,,,,,,,,,,,,,,,,,,,,,,,,
Task011_BTCV_BigResUNetTrainerV4_cs128_huge_no_mirror_ep1k_lr0003_0,0.27321475275494084,0.0,0.0,0.0,0.0,0.7750073576182448,0.25860747077291213,0.5622670650974142,0.733835043955306,0.12290296197363591,0.5818825487396062,0.517289337657112,0.0,0.0,,,,,,,,,,,,,,,,,,,,,,,,,,,,,,,,,,,,,,,,,,,,,,,,,,,,,,,,,,,,,,,,,,,,,,,,,,,,,,,,,,,,,,,,,,,
Task011_BTCV_BigResUNetTrainerV4_cs128_huge_no_mirror_ep2k_lr0003_0,0.2903087260782657,0.0,0.0,0.0,0.034324868026156724,0.7664342417242377,0.3597390245191278,0.5575543034875566,0.7096753123805581,0.13517204136956812,0.676014960127533,0.5350986873827163,0.0,0.0,,,,,,,,,,,,,,,,,,,,,,,,,,,,,,,,,,,,,,,,,,,,,,,,,,,,,,,,,,,,,,,,,,,,,,,,,,,,,,,,,,,,,,,,,,,
Task011_BTCV_BigResUNetTrainerV4_cs128_huge_no_mirror_ep4k_lr0003_0,0.30582467267816776,0.0,0.0,0.0,0.0673092241516648,0.77627861592612,0.35688725802438,0.5989305321365804,0.7326780486452801,0.18597025231802952,0.6806968580351094,0.5768385149901626,0.0,0.00013144058885383806,,,,,,,,,,,,,,,,,,,,,,,,,,,,,,,,,,,,,,,,,,,,,,,,,,,,,,,,,,,,,,,,,,,,,,,,,,,,,,,,,,,,,,,,,,,
Task011_BTCV_BigResUNetTrainerV4_cs128_large_ep1k_lr001_0,0.8386518354717825,0.929338635017955,0.8683748425468693,0.9088750838416221,0.6626650820305501,0.7835917472079453,0.9708054256979414,0.9094988679327726,0.9298604889577503,0.8790947180013812,0.7967112690394962,0.8256665291397467,0.7165770514066426,0.7214141203124996,,,,,,,,,,,,,,,,,,,,,,,,,,,,,,,,,,,,,,,,,,,,,,,,,,,,,,,,,,,,,,,,,,,,,,,,,,,,,,,,,,,,,,,,,,,
Task011_BTCV_BigResUNetTrainerV4_cs128_large_ep2k_lr0003_0,0.8470551901460551,0.9355904524497441,0.8711548975365955,0.9305517244361078,0.7000473832060855,0.7893049471585326,0.9704903007122944,0.9228500107345022,0.9311631931188221,0.8822384654505061,0.7930455657982711,0.8339230117196624,0.7221326576800823,0.7292248618975109,,,,,,,,,,,,,,,,,,,,,,,,,,,,,,,,,,,,,,,,,,,,,,,,,,,,,,,,,,,,,,,,,,,,,,,,,,,,,,,,,,,,,,,,,,,
Task011_BTCV_BigResUNetTrainerV4_cs128_large_ep4k_lr0003_0,0.8484366501304581,0.9308102611101177,0.8707881593984048,0.9289169948097329,0.7003612987190592,0.7965867192096098,0.9709125075656965,0.9190628461167164,0.9318605596885318,0.88530318181637,0.7990679996483426,0.8383084821768577,0.7240766510009798,0.7336207904355359,,,,,,,,,,,,,,,,,,,,,,,,,,,,,,,,,,,,,,,,,,,,,,,,,,,,,,,,,,,,,,,,,,,,,,,,,,,,,,,,,,,,,,,,,,,
Task011_BTCV_BigResUNetTrainerV4_cs128_large_no_mirror_ep1k_lr001_0,0.290054870692828,0.0,0.0,0.0,0.0,0.7813955076406223,0.3250074018504659,0.5929230932658255,0.7221603154711947,0.2242599002074368,0.6157792286500359,0.5091878719211825,0.0,0.0,,,,,,,,,,,,,,,,,,,,,,,,,,,,,,,,,,,,,,,,,,,,,,,,,,,,,,,,,,,,,,,,,,,,,,,,,,,,,,,,,,,,,,,,,,,
Task011_BTCV_BigResUNetTrainerV4_cs128_large_no_mirror_ep2k_lr0003_0,0.2759856759838871,0.0,0.0,0.0,0.012824283781398904,0.7680587694447657,0.32268361387936173,0.5607049728951092,0.6913871004356045,0.08379931329129246,0.6397582789492932,0.5085974551137077,0.0,0.0,,,,,,,,,,,,,,,,,,,,,,,,,,,,,,,,,,,,,,,,,,,,,,,,,,,,,,,,,,,,,,,,,,,,,,,,,,,,,,,,,,,,,,,,,,,
Task011_BTCV_BigResUNetTrainerV4_cs128_large_no_mirror_ep2k_lr001_0,0.292736243912294,0.0,0.0,0.0,0.0050567202917682855,0.7746808461117473,0.33797132122860574,0.5526117606865282,0.7133004572457905,0.18891435350735095,0.6802382952776832,0.5527974165103479,0.0,0.0,,,,,,,,,,,,,,,,,,,,,,,,,,,,,,,,,,,,,,,,,,,,,,,,,,,,,,,,,,,,,,,,,,,,,,,,,,,,,,,,,,,,,,,,,,,
Task011_BTCV_BigResUNetTrainerV4_cs128_large_no_mirror_ep4k_lr0003_0,0.2900523686140846,0.0,0.0,0.0,0.029878303850906594,0.7668509453048428,0.3920622301370192,0.5683742525938024,0.7042677800166627,0.07317444581190051,0.6922122903934174,0.5438605438745485,0.0,0.0,,,,,,,,,,,,,,,,,,,,,,,,,,,,,,,,,,,,,,,,,,,,,,,,,,,,,,,,,,,,,,,,,,,,,,,,,,,,,,,,,,,,,,,,,,,
Task011_BTCV_rotate_BigResUNetTrainerV4_cs128_base_no_mirror_ep1k_lr0003_0,0.2017449370011502,0.2607870658129161,0.3613588104963115,0.34002552027936034,0.0,0.2454235203417046,0.49115973430438054,0.22232052176975614,0.26973737195561726,0.07449579687198514,0.13618407250195197,0.1728731810657109,0.02728078393359408,0.021037801681664445,,,,,,,,,,,,,,,,,,,,,,,,,,,,,,,,,,,,,,,,,,,,,,,,,,,,,,,,,,,,,,,,,,,,,,,,,,,,,,,,,,,,,,,,,,,
Task011_BTCV_rotate_BigResUNetTrainerV4_cs128_base_no_mirror_ep1k_lr001_0,0.19911711592387957,0.25110757398812417,0.368164016215655,0.34121515484065346,0.0,0.2580524912050792,0.4945040157953437,0.22179563528268642,0.2544374479535787,0.05625499168009181,0.1341129609831968,0.1514665557379491,0.039454966419160735,0.017956696908914747,,,,,,,,,,,,,,,,,,,,,,,,,,,,,,,,,,,,,,,,,,,,,,,,,,,,,,,,,,,,,,,,,,,,,,,,,,,,,,,,,,,,,,,,,,,
Task011_BTCV_rotate_BigResUNetTrainerV4_cs128_base_no_mirror_ep2k_lr0003_0,0.20903275256270237,0.2677062359075714,0.3719133676306154,0.34247602936604676,0.0,0.25519128549724795,0.4879078619284072,0.2779909797467182,0.26972187135250186,0.06768131104377093,0.14800841946000154,0.1700866296632336,0.03952086144730827,0.01922093027170772,,,,,,,,,,,,,,,,,,,,,,,,,,,,,,,,,,,,,,,,,,,,,,,,,,,,,,,,,,,,,,,,,,,,,,,,,,,,,,,,,,,,,,,,,,,
Task011_BTCV_rotate_BigResUNetTrainerV4_cs128_base_no_mirror_ep2k_lr001_0,0.20104227873607655,0.258682856062122,0.3681583495534099,0.3392923214706678,0.0,0.2545743892937991,0.49267197045903655,0.22891590464881442,0.2616679287586297,0.04946724415174039,0.13399870785349582,0.17196380914265066,0.03700931782015552,0.017146824354472956,,,,,,,,,,,,,,,,,,,,,,,,,,,,,,,,,,,,,,,,,,,,,,,,,,,,,,,,,,,,,,,,,,,,,,,,,,,,,,,,,,,,,,,,,,,
Task011_BTCV_rotate_BigResUNetTrainerV4_cs128_base_no_mirror_ep4k_lr0003_0,0.21015782175728517,0.2852256271316392,0.3721465596988795,0.34013406871532004,0.0,0.2575838425006262,0.47748157437621036,0.33403793329053205,0.26428614695423436,0.051120789104936816,0.13833897188938235,0.14947562227940256,0.0387958994339613,0.023424647469582182,,,,,,,,,,,,,,,,,,,,,,,,,,,,,,,,,,,,,,,,,,,,,,,,,,,,,,,,,,,,,,,,,,,,,,,,,,,,,,,,,,,,,,,,,,,
Task011_BTCV_rotate_BigResUNetTrainerV4_cs128_huge_no_mirror_ep1k_lr0003_0,0.1975422528912128,0.24262498980850786,0.3684168965796721,0.3416466874260838,0.0,0.2619511904775848,0.47006990117956793,0.19861229896198104,0.26077500059168096,0.06334657456268807,0.14738031532005297,0.15884433832710584,0.036941502530596394,0.0174395918202454,,,,,,,,,,,,,,,,,,,,,,,,,,,,,,,,,,,,,,,,,,,,,,,,,,,,,,,,,,,,,,,,,,,,,,,,,,,,,,,,,,,,,,,,,,,
Task011_BTCV_rotate_BigResUNetTrainerV4_cs128_huge_no_mirror_ep2k_lr0003_0,0.20427339208085352,0.27626790398179635,0.37203572274426433,0.3406527571597611,0.0,0.26517873586407564,0.45020141586334633,0.2778695448173881,0.2707886417580972,0.06728574745629667,0.12999485820087478,0.1500330007346624,0.0337396321609043,0.021506136309629057,,,,,,,,,,,,,,,,,,,,,,,,,,,,,,,,,,,,,,,,,,,,,,,,,,,,,,,,,,,,,,,,,,,,,,,,,,,,,,,,,,,,,,,,,,,
Task011_BTCV_rotate_BigResUNetTrainerV4_cs128_huge_no_mirror_ep4k_lr0003_0,0.20421062577444343,0.27492974452870717,0.3733159469233311,0.34043972794871985,0.0,0.2595466230690449,0.453744414403465,0.24427143970484197,0.2715397954118808,0.07411583094652857,0.13797011367269763,0.16936222134088522,0.03535749049756796,0.02014478662009474,,,,,,,,,,,,,,,,,,,,,,,,,,,,,,,,,,,,,,,,,,,,,,,,,,,,,,,,,,,,,,,,,,,,,,,,,,,,,,,,,,,,,,,,,,,
Task011_BTCV_rotate_BigResUNetTrainerV4_cs128_large_no_mirror_ep2k_lr0003_0,0.20301619738873075,0.2648457195947448,0.36719971502496335,0.3390181295778129,0.0,0.2636130856752678,0.481877271171454,0.2145339667651063,0.2563880027829502,0.06806285802175319,0.14544421339261507,0.1663091451291944,0.04203078450979996,0.02988767440783799,,,,,,,,,,,,,,,,,,,,,,,,,,,,,,,,,,,,,,,,,,,,,,,,,,,,,,,,,,,,,,,,,,,,,,,,,,,,,,,,,,,,,,,,,,,
Task011_BTCV_rotate_BigResUNetTrainerV4_cs128_large_no_mirror_ep2k_lr001_0,0.20620277292484482,0.2720470473858824,0.36978517305138575,0.339732892604917,0.0,0.2595900176231326,0.4620846084806634,0.2955493548744267,0.26775796425923426,0.05476890577284802,0.1452943137455326,0.149937759967615,0.04116427681210239,0.022923733445242834,,,,,,,,,,,,,,,,,,,,,,,,,,,,,,,,,,,,,,,,,,,,,,,,,,,,,,,,,,,,,,,,,,,,,,,,,,,,,,,,,,,,,,,,,,,
Task011_BTCV_rotate_BigResUNetTrainerV4_cs128_large_no_mirror_ep4k_lr0003_0,0.20272780206907212,0.28491741674873255,0.37055523817271857,0.3409355486230203,0.0,0.25948600550473305,0.46010267814976064,0.23185463948000193,0.2696849798568904,0.057127476863771294,0.1379792714391161,0.1600066901926407,0.03767319301364156,0.025138288852910497,,,,,,,,,,,,,,,,,,,,,,,,,,,,,,,,,,,,,,,,,,,,,,,,,,,,,,,,,,,,,,,,,,,,,,,,,,,,,,,,,,,,,,,,,,,
Task022_FLARE22_BigResUNetTrainerV4_cs128_base_ep4k_lr0003_0,0.8897888503880039,0.9732664777763208,0.813769130136383,0.9516777540930329,0.7407068876587202,0.9319165958455506,0.9358642761092753,0.9701883675638557,0.8356758751152441,0.9423825031650482,0.9337759333321147,0.8186758872465963,0.8099496241542393,0.9094057428476695,,,,,,,,,,,,,,,,,,,,,,,,,,,,,,,,,,,,,,,,,,,,,,,,,,,,,,,,,,,,,,,,,,,,,,,,,,,,,,,,,,,,,,,,,,,
Task022_FLARE22_BigResUNetTrainerV4_cs128_base_no_mirror_ep4k_lr0003_0,0.8957385749305952,0.9726890844084526,0.8272850934118627,0.9524353061621834,0.7458773100229811,0.9324736083146483,0.934566020303645,0.97264724764362,0.8467582569049468,0.9444479500254598,0.935567599673783,0.8384166020699432,0.8262373079536568,0.9152000872025555,,,,,,,,,,,,,,,,,,,,,,,,,,,,,,,,,,,,,,,,,,,,,,,,,,,,,,,,,,,,,,,,,,,,,,,,,,,,,,,,,,,,,,,,,,,
